local_path,relative_path,extension,size,sha256,parent_playlist,playlist_reference,expected_cos_path,expected_public_url
public/assets/videos/ad/mhxy-814-maintenance.m3u8,ad/mhxy-814-maintenance.m3u8,.m3u8,1513,,,,assets/videos/ad/mhxy-814-maintenance.m3u8,https://media.jazimportfolio.com/assets/videos/ad/mhxy-814-maintenance.m3u8
public/assets/videos/ad/mhxy-814-maintenance_000.ts,ad/mhxy-814-maintenance_000.ts,.ts,604608,9a8097993043bd6f20964cb061eabf8e129873fef4359b76f6bf3939e909b8b1,ad/mhxy-814-maintenance.m3u8,mhxy-814-maintenance_000.ts,assets/videos/ad/mhxy-814-maintenance_000.ts,https://media.jazimportfolio.com/assets/videos/ad/mhxy-814-maintenance_000.ts
public/assets/videos/ad/mhxy-814-maintenance_001.ts,ad/mhxy-814-maintenance_001.ts,.ts,605548,cc5ae78e7b244678ee0ccb27f75810277f328d88f0d13c0a405d04582740224c,ad/mhxy-814-maintenance.m3u8,mhxy-814-maintenance_001.ts,assets/videos/ad/mhxy-814-maintenance_001.ts,https://media.jazimportfolio.com/assets/videos/ad/mhxy-814-maintenance_001.ts
public/assets/videos/ad/mhxy-814-maintenance_002.ts,ad/mhxy-814-maintenance_002.ts,.ts,3160844,14513ff2089f918e3a051b9bcdc6062e4c0fde43ac3998ab67f0e9e3ca13d91f,ad/mhxy-814-maintenance.m3u8,mhxy-814-maintenance_002.ts,assets/videos/ad/mhxy-814-maintenance_002.ts,https://media.jazimportfolio.com/assets/videos/ad/mhxy-814-maintenance_002.ts
public/assets/videos/ad/mhxy-814-maintenance_003.ts,ad/mhxy-814-maintenance_003.ts,.ts,1325024,1382e2bac8be5fce2b16dbad6be00d3fc223b39bf3e2f9a4ce218a47f67473ae,ad/mhxy-814-maintenance.m3u8,mhxy-814-maintenance_003.ts,assets/videos/ad/mhxy-814-maintenance_003.ts,https://media.jazimportfolio.com/assets/videos/ad/mhxy-814-maintenance_003.ts
public/assets/videos/ad/mhxy-814-maintenance_004.ts,ad/mhxy-814-maintenance_004.ts,.ts,1497044,7a73f8d7e70c6f464321290460d8de87a220f3928426c34389b8785f2708b484,ad/mhxy-814-maintenance.m3u8,mhxy-814-maintenance_004.ts,assets/videos/ad/mhxy-814-maintenance_004.ts,https://media.jazimportfolio.com/assets/videos/ad/mhxy-814-maintenance_004.ts
public/assets/videos/ad/mhxy-814-maintenance_005.ts,ad/mhxy-814-maintenance_005.ts,.ts,889428,5d26f8f77ee80f251f1665e661565bcd4d611eeb3f5a41297faaf29e6b5fbdad,ad/mhxy-814-maintenance.m3u8,mhxy-814-maintenance_005.ts,assets/videos/ad/mhxy-814-maintenance_005.ts,https://media.jazimportfolio.com/assets/videos/ad/mhxy-814-maintenance_005.ts
public/assets/videos/ad/mhxy-814-maintenance_006.ts,ad/mhxy-814-maintenance_006.ts,.ts,1573936,106680c6a372a7d26a1662e0bf38991964af61641fd876bbee0340fa8b8ea612,ad/mhxy-814-maintenance.m3u8,mhxy-814-maintenance_006.ts,assets/videos/ad/mhxy-814-maintenance_006.ts,https://media.jazimportfolio.com/assets/videos/ad/mhxy-814-maintenance_006.ts
public/assets/videos/ad/mhxy-814-maintenance_007.ts,ad/mhxy-814-maintenance_007.ts,.ts,1738436,6f76eca1741a6725986fdbca0dde87a0f489dd05fc716a0d7db1e384d09fd1fd,ad/mhxy-814-maintenance.m3u8,mhxy-814-maintenance_007.ts,assets/videos/ad/mhxy-814-maintenance_007.ts,https://media.jazimportfolio.com/assets/videos/ad/mhxy-814-maintenance_007.ts
public/assets/videos/ad/mhxy-814-maintenance_008.ts,ad/mhxy-814-maintenance_008.ts,.ts,1465460,b3f8c03213eb7db242dcb0d07168a70bc99805a886a6d4f2b44fb487d18d0ada,ad/mhxy-814-maintenance.m3u8,mhxy-814-maintenance_008.ts,assets/videos/ad/mhxy-814-maintenance_008.ts,https://media.jazimportfolio.com/assets/videos/ad/mhxy-814-maintenance_008.ts
public/assets/videos/ad/mhxy-814-maintenance_009.ts,ad/mhxy-814-maintenance_009.ts,.ts,1352848,6866156a1fc26e53fd0838c92b6194eceaf641d0491144fdd5e259cd8a00ccce,ad/mhxy-814-maintenance.m3u8,mhxy-814-maintenance_009.ts,assets/videos/ad/mhxy-814-maintenance_009.ts,https://media.jazimportfolio.com/assets/videos/ad/mhxy-814-maintenance_009.ts
public/assets/videos/ad/mhxy-814-maintenance_010.ts,ad/mhxy-814-maintenance_010.ts,.ts,1469596,cc136e481f103e5c7a3f7324e1678aa60e63c1d09e88a50e8c647ace1494e149,ad/mhxy-814-maintenance.m3u8,mhxy-814-maintenance_010.ts,assets/videos/ad/mhxy-814-maintenance_010.ts,https://media.jazimportfolio.com/assets/videos/ad/mhxy-814-maintenance_010.ts
public/assets/videos/ad/mhxy-814-maintenance_011.ts,ad/mhxy-814-maintenance_011.ts,.ts,1079496,c6b873b16902b9b6fdbbc599f99676b6c06e8cc19339bf548a470aef5126712e,ad/mhxy-814-maintenance.m3u8,mhxy-814-maintenance_011.ts,assets/videos/ad/mhxy-814-maintenance_011.ts,https://media.jazimportfolio.com/assets/videos/ad/mhxy-814-maintenance_011.ts
public/assets/videos/ad/mhxy-814-maintenance_012.ts,ad/mhxy-814-maintenance_012.ts,.ts,398372,705d2ed10c1e96a84768b65e82f71edd5602c1a0f9179cd43e4fccef2136807f,ad/mhxy-814-maintenance.m3u8,mhxy-814-maintenance_012.ts,assets/videos/ad/mhxy-814-maintenance_012.ts,https://media.jazimportfolio.com/assets/videos/ad/mhxy-814-maintenance_012.ts
public/assets/videos/ad/mhxy-814-maintenance_013.ts,ad/mhxy-814-maintenance_013.ts,.ts,2059916,52706c88ad94866a713d4cfad18bf1788017d1c811ee68321b47b0ea9c8f4c42,ad/mhxy-814-maintenance.m3u8,mhxy-814-maintenance_013.ts,assets/videos/ad/mhxy-814-maintenance_013.ts,https://media.jazimportfolio.com/assets/videos/ad/mhxy-814-maintenance_013.ts
public/assets/videos/ad/mhxy-814-maintenance_014.ts,ad/mhxy-814-maintenance_014.ts,.ts,1991108,7e9f4580137042d803eef6242b877957d7adaeee161e9d1eab3a666809666d0f,ad/mhxy-814-maintenance.m3u8,mhxy-814-maintenance_014.ts,assets/videos/ad/mhxy-814-maintenance_014.ts,https://media.jazimportfolio.com/assets/videos/ad/mhxy-814-maintenance_014.ts
public/assets/videos/ad/mhxy-814-maintenance_015.ts,ad/mhxy-814-maintenance_015.ts,.ts,489928,10554f03d3f9c4baefec27b6c3935221f5b5375a8b9dc86871d95e186816fdbd,ad/mhxy-814-maintenance.m3u8,mhxy-814-maintenance_015.ts,assets/videos/ad/mhxy-814-maintenance_015.ts,https://media.jazimportfolio.com/assets/videos/ad/mhxy-814-maintenance_015.ts
public/assets/videos/ad/mhxy-814-maintenance_016.ts,ad/mhxy-814-maintenance_016.ts,.ts,393108,e00ed37e449f4e5037779a494b15d678cf1621bee02bf2d3e962d676042a37c5,ad/mhxy-814-maintenance.m3u8,mhxy-814-maintenance_016.ts,assets/videos/ad/mhxy-814-maintenance_016.ts,https://media.jazimportfolio.com/assets/videos/ad/mhxy-814-maintenance_016.ts
public/assets/videos/ad/mhxy-814-maintenance_017.ts,ad/mhxy-814-maintenance_017.ts,.ts,1915532,3a5fdf8e9fca41f5dc17b87749259f40ee2ac4b246084485eea4f3624e81ff38,ad/mhxy-814-maintenance.m3u8,mhxy-814-maintenance_017.ts,assets/videos/ad/mhxy-814-maintenance_017.ts,https://media.jazimportfolio.com/assets/videos/ad/mhxy-814-maintenance_017.ts
public/assets/videos/ad/mhxy-814-maintenance_018.ts,ad/mhxy-814-maintenance_018.ts,.ts,1559272,a06c37c8e43eaa92901868a2f8bb8d7994b620f532c51487dc2a47cf3cafe678,ad/mhxy-814-maintenance.m3u8,mhxy-814-maintenance_018.ts,assets/videos/ad/mhxy-814-maintenance_018.ts,https://media.jazimportfolio.com/assets/videos/ad/mhxy-814-maintenance_018.ts
public/assets/videos/ad/mhxy-814-maintenance_019.ts,ad/mhxy-814-maintenance_019.ts,.ts,900144,5f2cf23edaf0b38cc15becc0b2194f80bd9592aedfdff1a2b894604c40bcb5cc,ad/mhxy-814-maintenance.m3u8,mhxy-814-maintenance_019.ts,assets/videos/ad/mhxy-814-maintenance_019.ts,https://media.jazimportfolio.com/assets/videos/ad/mhxy-814-maintenance_019.ts
public/assets/videos/ad/mhxy-814-maintenance_020.ts,ad/mhxy-814-maintenance_020.ts,.ts,139496,3f5d42fc9d1e01ce107084a49a945dfb80043400abccef9a8373d22ad2ce5d92,ad/mhxy-814-maintenance.m3u8,mhxy-814-maintenance_020.ts,assets/videos/ad/mhxy-814-maintenance_020.ts,https://media.jazimportfolio.com/assets/videos/ad/mhxy-814-maintenance_020.ts
public/assets/videos/ad/mhxy-814-maintenance_021.ts,ad/mhxy-814-maintenance_021.ts,.ts,1854244,72c93e8c0196f6dfe307273f5c7f062ece29de0f9fbb12f6b88dd27b9f96c35e,ad/mhxy-814-maintenance.m3u8,mhxy-814-maintenance_021.ts,assets/videos/ad/mhxy-814-maintenance_021.ts,https://media.jazimportfolio.com/assets/videos/ad/mhxy-814-maintenance_021.ts
public/assets/videos/ad/mhxy-814-maintenance_022.ts,ad/mhxy-814-maintenance_022.ts,.ts,1481816,22c158718cdb190b22e3871f241576dd3de605e534dc2b17558514efc509e456,ad/mhxy-814-maintenance.m3u8,mhxy-814-maintenance_022.ts,assets/videos/ad/mhxy-814-maintenance_022.ts,https://media.jazimportfolio.com/assets/videos/ad/mhxy-814-maintenance_022.ts
public/assets/videos/ad/mhxy-814-maintenance_023.ts,ad/mhxy-814-maintenance_023.ts,.ts,1263736,8b61f308a52d829c376a05cd442267adc99bec703e11a2dd3cc0a86d94e37e16,ad/mhxy-814-maintenance.m3u8,mhxy-814-maintenance_023.ts,assets/videos/ad/mhxy-814-maintenance_023.ts,https://media.jazimportfolio.com/assets/videos/ad/mhxy-814-maintenance_023.ts
public/assets/videos/ad/mhxy-814-maintenance_024.ts,ad/mhxy-814-maintenance_024.ts,.ts,1108824,763a6e15d710921acf01859be40141a2f83e6ac999cdc42c9aaca74c81e01214,ad/mhxy-814-maintenance.m3u8,mhxy-814-maintenance_024.ts,assets/videos/ad/mhxy-814-maintenance_024.ts,https://media.jazimportfolio.com/assets/videos/ad/mhxy-814-maintenance_024.ts
public/assets/videos/ad/mhxy-814-maintenance_025.ts,ad/mhxy-814-maintenance_025.ts,.ts,3468600,d8dbfb56289dbf195c2fee211fca7029dcd61466ddafa02149c55054a38a3f53,ad/mhxy-814-maintenance.m3u8,mhxy-814-maintenance_025.ts,assets/videos/ad/mhxy-814-maintenance_025.ts,https://media.jazimportfolio.com/assets/videos/ad/mhxy-814-maintenance_025.ts
public/assets/videos/ad/mhxy-814-maintenance_026.ts,ad/mhxy-814-maintenance_026.ts,.ts,27824,027e82c8480a9feca6e75e57d7e40d47d18634759517517d8189911c435f6b6e,ad/mhxy-814-maintenance.m3u8,mhxy-814-maintenance_026.ts,assets/videos/ad/mhxy-814-maintenance_026.ts,https://media.jazimportfolio.com/assets/videos/ad/mhxy-814-maintenance_026.ts
public/assets/videos/ad/mhxy-814-maintenance_027.ts,ad/mhxy-814-maintenance_027.ts,.ts,818552,eb0443f1034c1605b9cfe7b72b6173420114751d06dd6d84d53a18bb80b17db3,ad/mhxy-814-maintenance.m3u8,mhxy-814-maintenance_027.ts,assets/videos/ad/mhxy-814-maintenance_027.ts,https://media.jazimportfolio.com/assets/videos/ad/mhxy-814-maintenance_027.ts
public/assets/videos/ad/mhxy-814-maintenance_028.ts,ad/mhxy-814-maintenance_028.ts,.ts,444996,9d3cbe5130e43bc558b8e32b30819b26ff2da23ec29b122fe78b2ca51793d4bd,ad/mhxy-814-maintenance.m3u8,mhxy-814-maintenance_028.ts,assets/videos/ad/mhxy-814-maintenance_028.ts,https://media.jazimportfolio.com/assets/videos/ad/mhxy-814-maintenance_028.ts
public/assets/videos/ad/mhxy-814-maintenance_029.ts,ad/mhxy-814-maintenance_029.ts,.ts,72756,610db3d7477305b981990128e8e335b0f57db2fd237f9bef3f73b5bf03d8235a,ad/mhxy-814-maintenance.m3u8,mhxy-814-maintenance_029.ts,assets/videos/ad/mhxy-814-maintenance_029.ts,https://media.jazimportfolio.com/assets/videos/ad/mhxy-814-maintenance_029.ts
public/assets/videos/ad/mhxy-815-maintenance.m3u8,ad/mhxy-815-maintenance.m3u8,.m3u8,1606,,,,assets/videos/ad/mhxy-815-maintenance.m3u8,https://media.jazimportfolio.com/assets/videos/ad/mhxy-815-maintenance.m3u8
public/assets/videos/ad/mhxy-815-maintenance_000.ts,ad/mhxy-815-maintenance_000.ts,.ts,589004,94720cd7de7fc15c726dc029800a6498c944fd4e7f2bc5b9f6a65444dee15378,ad/mhxy-815-maintenance.m3u8,mhxy-815-maintenance_000.ts,assets/videos/ad/mhxy-815-maintenance_000.ts,https://media.jazimportfolio.com/assets/videos/ad/mhxy-815-maintenance_000.ts
public/assets/videos/ad/mhxy-815-maintenance_001.ts,ad/mhxy-815-maintenance_001.ts,.ts,575656,b08d1ec25e4ad8286f41ecef30eecabdf4c6c4734e6c9437425f056316cc3f2e,ad/mhxy-815-maintenance.m3u8,mhxy-815-maintenance_001.ts,assets/videos/ad/mhxy-815-maintenance_001.ts,https://media.jazimportfolio.com/assets/videos/ad/mhxy-815-maintenance_001.ts
public/assets/videos/ad/mhxy-815-maintenance_002.ts,ad/mhxy-815-maintenance_002.ts,.ts,3037140,3a7dc4c9f6b4b13268863bc071d19917d59f2bfd1bd6bb16bd36d69ea57b4675,ad/mhxy-815-maintenance.m3u8,mhxy-815-maintenance_002.ts,assets/videos/ad/mhxy-815-maintenance_002.ts,https://media.jazimportfolio.com/assets/videos/ad/mhxy-815-maintenance_002.ts
public/assets/videos/ad/mhxy-815-maintenance_003.ts,ad/mhxy-815-maintenance_003.ts,.ts,1660040,34d967ee1384d9167cddcb9579e93a13a2d060e6bbac9cbdb1105f2bf108bf8d,ad/mhxy-815-maintenance.m3u8,mhxy-815-maintenance_003.ts,assets/videos/ad/mhxy-815-maintenance_003.ts,https://media.jazimportfolio.com/assets/videos/ad/mhxy-815-maintenance_003.ts
public/assets/videos/ad/mhxy-815-maintenance_004.ts,ad/mhxy-815-maintenance_004.ts,.ts,629048,06afb1d1c027aec34208cac4dbaad5b0dac933a3a66a2851d23f62a2a16e89d9,ad/mhxy-815-maintenance.m3u8,mhxy-815-maintenance_004.ts,assets/videos/ad/mhxy-815-maintenance_004.ts,https://media.jazimportfolio.com/assets/videos/ad/mhxy-815-maintenance_004.ts
public/assets/videos/ad/mhxy-815-maintenance_005.ts,ad/mhxy-815-maintenance_005.ts,.ts,838856,3497e29b02b1a0a704e319b8e8581ee13abe2872d804448767d2c4f729089589,ad/mhxy-815-maintenance.m3u8,mhxy-815-maintenance_005.ts,assets/videos/ad/mhxy-815-maintenance_005.ts,https://media.jazimportfolio.com/assets/videos/ad/mhxy-815-maintenance_005.ts
public/assets/videos/ad/mhxy-815-maintenance_006.ts,ad/mhxy-815-maintenance_006.ts,.ts,1590480,013a304537f1d02990c331c501123e1e7f60b7cd212cd7b0afbed9d185091f89,ad/mhxy-815-maintenance.m3u8,mhxy-815-maintenance_006.ts,assets/videos/ad/mhxy-815-maintenance_006.ts,https://media.jazimportfolio.com/assets/videos/ad/mhxy-815-maintenance_006.ts
public/assets/videos/ad/mhxy-815-maintenance_007.ts,ad/mhxy-815-maintenance_007.ts,.ts,1206020,c0fd70b951876b38183be5846aab5bb444120db5acc4767b500075984ae8bad0,ad/mhxy-815-maintenance.m3u8,mhxy-815-maintenance_007.ts,assets/videos/ad/mhxy-815-maintenance_007.ts,https://media.jazimportfolio.com/assets/videos/ad/mhxy-815-maintenance_007.ts
public/assets/videos/ad/mhxy-815-maintenance_008.ts,ad/mhxy-815-maintenance_008.ts,.ts,190444,2b080b3f4d11a8e95893470139dbfe9679cb8cd039747c09dd89165f5564444c,ad/mhxy-815-maintenance.m3u8,mhxy-815-maintenance_008.ts,assets/videos/ad/mhxy-815-maintenance_008.ts,https://media.jazimportfolio.com/assets/videos/ad/mhxy-815-maintenance_008.ts
public/assets/videos/ad/mhxy-815-maintenance_009.ts,ad/mhxy-815-maintenance_009.ts,.ts,765536,7cb36b1ca6ab07c6b625cf68ddb00983eb455dee0c430baecc69d7e2c1658a10,ad/mhxy-815-maintenance.m3u8,mhxy-815-maintenance_009.ts,assets/videos/ad/mhxy-815-maintenance_009.ts,https://media.jazimportfolio.com/assets/videos/ad/mhxy-815-maintenance_009.ts
public/assets/videos/ad/mhxy-815-maintenance_010.ts,ad/mhxy-815-maintenance_010.ts,.ts,698232,62888c1dd2c08a9b2e0cc87f42d4261d2dcaa14b93c64ebf9a8ec777cc5031d9,ad/mhxy-815-maintenance.m3u8,mhxy-815-maintenance_010.ts,assets/videos/ad/mhxy-815-maintenance_010.ts,https://media.jazimportfolio.com/assets/videos/ad/mhxy-815-maintenance_010.ts
public/assets/videos/ad/mhxy-815-maintenance_011.ts,ad/mhxy-815-maintenance_011.ts,.ts,1051860,db93fe53fca3e9aba9caa9d7e6591f1fcc1ece51f51d45bf73b9e326a86e3de9,ad/mhxy-815-maintenance.m3u8,mhxy-815-maintenance_011.ts,assets/videos/ad/mhxy-815-maintenance_011.ts,https://media.jazimportfolio.com/assets/videos/ad/mhxy-815-maintenance_011.ts
public/assets/videos/ad/mhxy-815-maintenance_012.ts,ad/mhxy-815-maintenance_012.ts,.ts,3053872,854117315a6b5af7fcef8fe67f7d9b9af645e63400ec37e11d9282d7d25ec27f,ad/mhxy-815-maintenance.m3u8,mhxy-815-maintenance_012.ts,assets/videos/ad/mhxy-815-maintenance_012.ts,https://media.jazimportfolio.com/assets/videos/ad/mhxy-815-maintenance_012.ts
public/assets/videos/ad/mhxy-815-maintenance_013.ts,ad/mhxy-815-maintenance_013.ts,.ts,1664364,157338f3ca5e2bb0c2e3d93f7802acea2ce964ff5da6273af6e9c5401727ab3c,ad/mhxy-815-maintenance.m3u8,mhxy-815-maintenance_013.ts,assets/videos/ad/mhxy-815-maintenance_013.ts,https://media.jazimportfolio.com/assets/videos/ad/mhxy-815-maintenance_013.ts
public/assets/videos/ad/mhxy-815-maintenance_014.ts,ad/mhxy-815-maintenance_014.ts,.ts,1555136,7ffb82ae56b9e9bc80c4fde3a883082c8f24248250853587a8669b401be2733e,ad/mhxy-815-maintenance.m3u8,mhxy-815-maintenance_014.ts,assets/videos/ad/mhxy-815-maintenance_014.ts,https://media.jazimportfolio.com/assets/videos/ad/mhxy-815-maintenance_014.ts
public/assets/videos/ad/mhxy-815-maintenance_015.ts,ad/mhxy-815-maintenance_015.ts,.ts,445560,976ea9a41af5932494c7795aba3fdd48107617b4e55ec9f0f75a42d5917b035c,ad/mhxy-815-maintenance.m3u8,mhxy-815-maintenance_015.ts,assets/videos/ad/mhxy-815-maintenance_015.ts,https://media.jazimportfolio.com/assets/videos/ad/mhxy-815-maintenance_015.ts
public/assets/videos/ad/mhxy-815-maintenance_016.ts,ad/mhxy-815-maintenance_016.ts,.ts,1544984,a84e96d061b260aee30843899ce574a0729adaf0f522cfbb4ae023e8b12dfe65,ad/mhxy-815-maintenance.m3u8,mhxy-815-maintenance_016.ts,assets/videos/ad/mhxy-815-maintenance_016.ts,https://media.jazimportfolio.com/assets/videos/ad/mhxy-815-maintenance_016.ts
public/assets/videos/ad/mhxy-815-maintenance_017.ts,ad/mhxy-815-maintenance_017.ts,.ts,1961592,3c3b0ef4ae10d3a1bd0bad502bf6e68ba97b01f9d82c43511870a5f21c53f0bf,ad/mhxy-815-maintenance.m3u8,mhxy-815-maintenance_017.ts,assets/videos/ad/mhxy-815-maintenance_017.ts,https://media.jazimportfolio.com/assets/videos/ad/mhxy-815-maintenance_017.ts
public/assets/videos/ad/mhxy-815-maintenance_018.ts,ad/mhxy-815-maintenance_018.ts,.ts,3642688,bff66fb613b79e5c545dc8e155a79571792c089c4a4ac6e51b3de27a871c52cd,ad/mhxy-815-maintenance.m3u8,mhxy-815-maintenance_018.ts,assets/videos/ad/mhxy-815-maintenance_018.ts,https://media.jazimportfolio.com/assets/videos/ad/mhxy-815-maintenance_018.ts
public/assets/videos/ad/mhxy-815-maintenance_019.ts,ad/mhxy-815-maintenance_019.ts,.ts,1391764,531d7c13bf3de769c6a5791378eadb18f85bb4da2aac313dbb6868365509cbd0,ad/mhxy-815-maintenance.m3u8,mhxy-815-maintenance_019.ts,assets/videos/ad/mhxy-815-maintenance_019.ts,https://media.jazimportfolio.com/assets/videos/ad/mhxy-815-maintenance_019.ts
public/assets/videos/ad/mhxy-815-maintenance_020.ts,ad/mhxy-815-maintenance_020.ts,.ts,1233656,3831b7b20144bfbe64069a72da92add4023e855d83c5d85d9f0d90c0772c5c8d,ad/mhxy-815-maintenance.m3u8,mhxy-815-maintenance_020.ts,assets/videos/ad/mhxy-815-maintenance_020.ts,https://media.jazimportfolio.com/assets/videos/ad/mhxy-815-maintenance_020.ts
public/assets/videos/ad/mhxy-815-maintenance_021.ts,ad/mhxy-815-maintenance_021.ts,.ts,1147176,70c8683cf24bd374ffc767aef278230308287de6cf085351939266508d75781e,ad/mhxy-815-maintenance.m3u8,mhxy-815-maintenance_021.ts,assets/videos/ad/mhxy-815-maintenance_021.ts,https://media.jazimportfolio.com/assets/videos/ad/mhxy-815-maintenance_021.ts
public/assets/videos/ad/mhxy-815-maintenance_022.ts,ad/mhxy-815-maintenance_022.ts,.ts,769108,8a313dfce38af505c6e248d85d970696218b12f4a16ac701e53368bbf938e843,ad/mhxy-815-maintenance.m3u8,mhxy-815-maintenance_022.ts,assets/videos/ad/mhxy-815-maintenance_022.ts,https://media.jazimportfolio.com/assets/videos/ad/mhxy-815-maintenance_022.ts
public/assets/videos/ad/mhxy-815-maintenance_023.ts,ad/mhxy-815-maintenance_023.ts,.ts,1993552,b5785997608c45ed124cb43c3b4ca882e07714fae8d8d7a1e6996f77a6403413,ad/mhxy-815-maintenance.m3u8,mhxy-815-maintenance_023.ts,assets/videos/ad/mhxy-815-maintenance_023.ts,https://media.jazimportfolio.com/assets/videos/ad/mhxy-815-maintenance_023.ts
public/assets/videos/ad/mhxy-815-maintenance_024.ts,ad/mhxy-815-maintenance_024.ts,.ts,1057500,52b7c4284477944f35abaa48c2fd6fdec32b4edc50bb2fc7a8d6d6039a13938f,ad/mhxy-815-maintenance.m3u8,mhxy-815-maintenance_024.ts,assets/videos/ad/mhxy-815-maintenance_024.ts,https://media.jazimportfolio.com/assets/videos/ad/mhxy-815-maintenance_024.ts
public/assets/videos/ad/mhxy-815-maintenance_025.ts,ad/mhxy-815-maintenance_025.ts,.ts,141940,5de71dc460259322616ed95306aa9d5250bc0c2fa7a2e9913049f21310b3afd1,ad/mhxy-815-maintenance.m3u8,mhxy-815-maintenance_025.ts,assets/videos/ad/mhxy-815-maintenance_025.ts,https://media.jazimportfolio.com/assets/videos/ad/mhxy-815-maintenance_025.ts
public/assets/videos/ad/mhxy-815-maintenance_026.ts,ad/mhxy-815-maintenance_026.ts,.ts,1198876,43676f81352ab71b288a3b54b11946a6e32ebb0c78d7a7068b7248ee118780f8,ad/mhxy-815-maintenance.m3u8,mhxy-815-maintenance_026.ts,assets/videos/ad/mhxy-815-maintenance_026.ts,https://media.jazimportfolio.com/assets/videos/ad/mhxy-815-maintenance_026.ts
public/assets/videos/ad/mhxy-815-maintenance_027.ts,ad/mhxy-815-maintenance_027.ts,.ts,820620,9055d4a5d47f4ce511fc952ce1dce8a71ccbbb07441a4d75c5c25e99ba392b63,ad/mhxy-815-maintenance.m3u8,mhxy-815-maintenance_027.ts,assets/videos/ad/mhxy-815-maintenance_027.ts,https://media.jazimportfolio.com/assets/videos/ad/mhxy-815-maintenance_027.ts
public/assets/videos/ad/mhxy-815-maintenance_028.ts,ad/mhxy-815-maintenance_028.ts,.ts,431648,182cfdc68ae8414dce13d9f5bc15821992ad524e1b1cffda87e9bc3622178619,ad/mhxy-815-maintenance.m3u8,mhxy-815-maintenance_028.ts,assets/videos/ad/mhxy-815-maintenance_028.ts,https://media.jazimportfolio.com/assets/videos/ad/mhxy-815-maintenance_028.ts
public/assets/videos/ad/mhxy-815-maintenance_029.ts,ad/mhxy-815-maintenance_029.ts,.ts,837540,1fe6fdc295535118e9dc244c7b37a2d700850b2a46531420754d401ed3abd6ab,ad/mhxy-815-maintenance.m3u8,mhxy-815-maintenance_029.ts,assets/videos/ad/mhxy-815-maintenance_029.ts,https://media.jazimportfolio.com/assets/videos/ad/mhxy-815-maintenance_029.ts
public/assets/videos/ad/mhxy-815-maintenance_030.ts,ad/mhxy-815-maintenance_030.ts,.ts,538996,ca14b2537b4e625b31e03c4b99d6daf5e4830bdd0cda75663f60b00226faa6f4,ad/mhxy-815-maintenance.m3u8,mhxy-815-maintenance_030.ts,assets/videos/ad/mhxy-815-maintenance_030.ts,https://media.jazimportfolio.com/assets/videos/ad/mhxy-815-maintenance_030.ts
public/assets/videos/ad/mhxy-815-maintenance_031.ts,ad/mhxy-815-maintenance_031.ts,.ts,3225328,29b822eb433252d2e64ffcf8b3ad92037c80302562ff1467220e24172c9115d0,ad/mhxy-815-maintenance.m3u8,mhxy-815-maintenance_031.ts,assets/videos/ad/mhxy-815-maintenance_031.ts,https://media.jazimportfolio.com/assets/videos/ad/mhxy-815-maintenance_031.ts
public/assets/videos/ad/mhxy-datangtezhongbing.m3u8,ad/mhxy-datangtezhongbing.m3u8,.m3u8,545,,,,assets/videos/ad/mhxy-datangtezhongbing.m3u8,https://media.jazimportfolio.com/assets/videos/ad/mhxy-datangtezhongbing.m3u8
public/assets/videos/ad/mhxy-datangtezhongbing_000.ts,ad/mhxy-datangtezhongbing_000.ts,.ts,3629528,a4c9d331e057cb6a1fbcd41ee54991d798307dc1e86a24e7fe4bc024e5756269,ad/mhxy-datangtezhongbing.m3u8,mhxy-datangtezhongbing_000.ts,assets/videos/ad/mhxy-datangtezhongbing_000.ts,https://media.jazimportfolio.com/assets/videos/ad/mhxy-datangtezhongbing_000.ts
public/assets/videos/ad/mhxy-datangtezhongbing_001.ts,ad/mhxy-datangtezhongbing_001.ts,.ts,1430492,3fbf1cfc3c1213764dcd3bcb8d08536ba25c500543ab37233cabd2f631be058c,ad/mhxy-datangtezhongbing.m3u8,mhxy-datangtezhongbing_001.ts,assets/videos/ad/mhxy-datangtezhongbing_001.ts,https://media.jazimportfolio.com/assets/videos/ad/mhxy-datangtezhongbing_001.ts
public/assets/videos/ad/mhxy-datangtezhongbing_002.ts,ad/mhxy-datangtezhongbing_002.ts,.ts,1049228,7ba1c93ede06e92a48858709edf8303b7adbce03744ce0b3cfbfde9aa9bb264a,ad/mhxy-datangtezhongbing.m3u8,mhxy-datangtezhongbing_002.ts,assets/videos/ad/mhxy-datangtezhongbing_002.ts,https://media.jazimportfolio.com/assets/videos/ad/mhxy-datangtezhongbing_002.ts
public/assets/videos/ad/mhxy-datangtezhongbing_003.ts,ad/mhxy-datangtezhongbing_003.ts,.ts,4313848,8fa75ca654ba9092ecc440ef4f1869beaf23351d459a3b50dfbdddca2fa9ed48,ad/mhxy-datangtezhongbing.m3u8,mhxy-datangtezhongbing_003.ts,assets/videos/ad/mhxy-datangtezhongbing_003.ts,https://media.jazimportfolio.com/assets/videos/ad/mhxy-datangtezhongbing_003.ts
public/assets/videos/ad/mhxy-datangtezhongbing_004.ts,ad/mhxy-datangtezhongbing_004.ts,.ts,4692480,693e967eb4ea80209beeca3c9157084bc3302857a7310c9e6be8eec7d6d6dca0,ad/mhxy-datangtezhongbing.m3u8,mhxy-datangtezhongbing_004.ts,assets/videos/ad/mhxy-datangtezhongbing_004.ts,https://media.jazimportfolio.com/assets/videos/ad/mhxy-datangtezhongbing_004.ts
public/assets/videos/ad/mhxy-datangtezhongbing_005.ts,ad/mhxy-datangtezhongbing_005.ts,.ts,4339792,6c556f81a15e7eb5bf803fb085f3dd8249e7e376bff8741d6b9129347a9afbc5,ad/mhxy-datangtezhongbing.m3u8,mhxy-datangtezhongbing_005.ts,assets/videos/ad/mhxy-datangtezhongbing_005.ts,https://media.jazimportfolio.com/assets/videos/ad/mhxy-datangtezhongbing_005.ts
public/assets/videos/ad/mhxy-datangtezhongbing_006.ts,ad/mhxy-datangtezhongbing_006.ts,.ts,2789356,5185306bb621e22ca238ee61574906c59ed76f39418037a7311fbcfbae43a8ec,ad/mhxy-datangtezhongbing.m3u8,mhxy-datangtezhongbing_006.ts,assets/videos/ad/mhxy-datangtezhongbing_006.ts,https://media.jazimportfolio.com/assets/videos/ad/mhxy-datangtezhongbing_006.ts
public/assets/videos/ad/mhxy-datangtezhongbing_007.ts,ad/mhxy-datangtezhongbing_007.ts,.ts,558736,c4c77636eb89d82af526576ee2b99a891b9a1f8491d2f9f46ef2ebff60b97599,ad/mhxy-datangtezhongbing.m3u8,mhxy-datangtezhongbing_007.ts,assets/videos/ad/mhxy-datangtezhongbing_007.ts,https://media.jazimportfolio.com/assets/videos/ad/mhxy-datangtezhongbing_007.ts
public/assets/videos/ad/mhxy-datangtezhongbing_008.ts,ad/mhxy-datangtezhongbing_008.ts,.ts,4744180,e0e64b6ca52aa3a9661b3089ce3867524e003695ea4d425821ee008715e8ada5,ad/mhxy-datangtezhongbing.m3u8,mhxy-datangtezhongbing_008.ts,assets/videos/ad/mhxy-datangtezhongbing_008.ts,https://media.jazimportfolio.com/assets/videos/ad/mhxy-datangtezhongbing_008.ts
public/assets/videos/ad/mhxy-fuchoudaxi.m3u8,ad/mhxy-fuchoudaxi.m3u8,.m3u8,564,,,,assets/videos/ad/mhxy-fuchoudaxi.m3u8,https://media.jazimportfolio.com/assets/videos/ad/mhxy-fuchoudaxi.m3u8
public/assets/videos/ad/mhxy-fuchoudaxi_000.ts,ad/mhxy-fuchoudaxi_000.ts,.ts,4723500,a4c740e981577592db0a4147593d1768a888b127c6d73ebe4b921c5ed151aa6c,ad/mhxy-fuchoudaxi.m3u8,mhxy-fuchoudaxi_000.ts,assets/videos/ad/mhxy-fuchoudaxi_000.ts,https://media.jazimportfolio.com/assets/videos/ad/mhxy-fuchoudaxi_000.ts
public/assets/videos/ad/mhxy-fuchoudaxi_001.ts,ad/mhxy-fuchoudaxi_001.ts,.ts,2740476,f8125d6d5abb2cee14a3386adf7ce6c5217f489fb9e65cf1c461c9817db7d0a7,ad/mhxy-fuchoudaxi.m3u8,mhxy-fuchoudaxi_001.ts,assets/videos/ad/mhxy-fuchoudaxi_001.ts,https://media.jazimportfolio.com/assets/videos/ad/mhxy-fuchoudaxi_001.ts
public/assets/videos/ad/mhxy-fuchoudaxi_002.ts,ad/mhxy-fuchoudaxi_002.ts,.ts,1618492,bffce02648b114da6556209f6528bea9a39629392b3b687ac7459277341800ad,ad/mhxy-fuchoudaxi.m3u8,mhxy-fuchoudaxi_002.ts,assets/videos/ad/mhxy-fuchoudaxi_002.ts,https://media.jazimportfolio.com/assets/videos/ad/mhxy-fuchoudaxi_002.ts
public/assets/videos/ad/mhxy-fuchoudaxi_003.ts,ad/mhxy-fuchoudaxi_003.ts,.ts,4484928,cca3dd22c25179d90b9242e1882bbb2f51c52168fbb5c2aba0e9a23ec40d8d19,ad/mhxy-fuchoudaxi.m3u8,mhxy-fuchoudaxi_003.ts,assets/videos/ad/mhxy-fuchoudaxi_003.ts,https://media.jazimportfolio.com/assets/videos/ad/mhxy-fuchoudaxi_003.ts
public/assets/videos/ad/mhxy-fuchoudaxi_004.ts,ad/mhxy-fuchoudaxi_004.ts,.ts,1099236,068b0bd3e3f5a978cb0fdf90429cd8a7c837bc78d8157f57be0c0820df95a485,ad/mhxy-fuchoudaxi.m3u8,mhxy-fuchoudaxi_004.ts,assets/videos/ad/mhxy-fuchoudaxi_004.ts,https://media.jazimportfolio.com/assets/videos/ad/mhxy-fuchoudaxi_004.ts
public/assets/videos/ad/mhxy-fuchoudaxi_005.ts,ad/mhxy-fuchoudaxi_005.ts,.ts,2641964,656a5ca52861231e1c65d9bdb23bb2ff527e8cc089eafa42ae23ca564b35dec4,ad/mhxy-fuchoudaxi.m3u8,mhxy-fuchoudaxi_005.ts,assets/videos/ad/mhxy-fuchoudaxi_005.ts,https://media.jazimportfolio.com/assets/videos/ad/mhxy-fuchoudaxi_005.ts
public/assets/videos/ad/mhxy-fuchoudaxi_006.ts,ad/mhxy-fuchoudaxi_006.ts,.ts,3989548,b252f093e9d7f91844b4b84143b02070efbb9fc1f52172077edea41e6fadc0f2,ad/mhxy-fuchoudaxi.m3u8,mhxy-fuchoudaxi_006.ts,assets/videos/ad/mhxy-fuchoudaxi_006.ts,https://media.jazimportfolio.com/assets/videos/ad/mhxy-fuchoudaxi_006.ts
public/assets/videos/ad/mhxy-fuchoudaxi_007.ts,ad/mhxy-fuchoudaxi_007.ts,.ts,4078096,ff4e40990a425e6aaae55988fb047c8e15e1f1527243daeba2d52cee7ddf8791,ad/mhxy-fuchoudaxi.m3u8,mhxy-fuchoudaxi_007.ts,assets/videos/ad/mhxy-fuchoudaxi_007.ts,https://media.jazimportfolio.com/assets/videos/ad/mhxy-fuchoudaxi_007.ts
public/assets/videos/ad/mhxy-fuchoudaxi_008.ts,ad/mhxy-fuchoudaxi_008.ts,.ts,1274452,71a69a387d89b57794bf3edfab75d19e33b19d60bca55211368311072b73f066,ad/mhxy-fuchoudaxi.m3u8,mhxy-fuchoudaxi_008.ts,assets/videos/ad/mhxy-fuchoudaxi_008.ts,https://media.jazimportfolio.com/assets/videos/ad/mhxy-fuchoudaxi_008.ts
public/assets/videos/ad/mhxy-fuchoudaxi_009.ts,ad/mhxy-fuchoudaxi_009.ts,.ts,5824616,af33b2847829b59842eaa16fbe9c49320a6cb41a2d7d8745cdca598f6764ad37,ad/mhxy-fuchoudaxi.m3u8,mhxy-fuchoudaxi_009.ts,assets/videos/ad/mhxy-fuchoudaxi_009.ts,https://media.jazimportfolio.com/assets/videos/ad/mhxy-fuchoudaxi_009.ts
public/assets/videos/ad/mhxy-fuchoudaxi_010.ts,ad/mhxy-fuchoudaxi_010.ts,.ts,4265156,e624a023c029841817551a90bf7107d8165fe7783102a3c2c2b57e46efd05744,ad/mhxy-fuchoudaxi.m3u8,mhxy-fuchoudaxi_010.ts,assets/videos/ad/mhxy-fuchoudaxi_010.ts,https://media.jazimportfolio.com/assets/videos/ad/mhxy-fuchoudaxi_010.ts
public/assets/videos/ad/mhxy-gaoebaoji.m3u8,ad/mhxy-gaoebaoji.m3u8,.m3u8,473,,,,assets/videos/ad/mhxy-gaoebaoji.m3u8,https://media.jazimportfolio.com/assets/videos/ad/mhxy-gaoebaoji.m3u8
public/assets/videos/ad/mhxy-gaoebaoji_000.ts,ad/mhxy-gaoebaoji_000.ts,.ts,6981944,428e28d62a74f50728c0557e327bf5a3daea0cc2f782a922acb884e0fd7d1cdc,ad/mhxy-gaoebaoji.m3u8,mhxy-gaoebaoji_000.ts,assets/videos/ad/mhxy-gaoebaoji_000.ts,https://media.jazimportfolio.com/assets/videos/ad/mhxy-gaoebaoji_000.ts
public/assets/videos/ad/mhxy-gaoebaoji_001.ts,ad/mhxy-gaoebaoji_001.ts,.ts,1561152,131bfd7b37db9edb1eff8415c4193877265c8805cd150f32d376400757e87a83,ad/mhxy-gaoebaoji.m3u8,mhxy-gaoebaoji_001.ts,assets/videos/ad/mhxy-gaoebaoji_001.ts,https://media.jazimportfolio.com/assets/videos/ad/mhxy-gaoebaoji_001.ts
public/assets/videos/ad/mhxy-gaoebaoji_002.ts,ad/mhxy-gaoebaoji_002.ts,.ts,718160,e19a99e302f30ceb85a10126d03b30befd2222f427a61286c682153d5c756030,ad/mhxy-gaoebaoji.m3u8,mhxy-gaoebaoji_002.ts,assets/videos/ad/mhxy-gaoebaoji_002.ts,https://media.jazimportfolio.com/assets/videos/ad/mhxy-gaoebaoji_002.ts
public/assets/videos/ad/mhxy-gaoebaoji_003.ts,ad/mhxy-gaoebaoji_003.ts,.ts,3831252,2def95600dd4cb3cccee2c39379084bb61d29e7b90d105a7a35b566a4abbdbd5,ad/mhxy-gaoebaoji.m3u8,mhxy-gaoebaoji_003.ts,assets/videos/ad/mhxy-gaoebaoji_003.ts,https://media.jazimportfolio.com/assets/videos/ad/mhxy-gaoebaoji_003.ts
public/assets/videos/ad/mhxy-gaoebaoji_004.ts,ad/mhxy-gaoebaoji_004.ts,.ts,1806492,a49b2580f8f91e37d38526674d0c9a36194459cc5b4883e94f14e76f68cd0e15,ad/mhxy-gaoebaoji.m3u8,mhxy-gaoebaoji_004.ts,assets/videos/ad/mhxy-gaoebaoji_004.ts,https://media.jazimportfolio.com/assets/videos/ad/mhxy-gaoebaoji_004.ts
public/assets/videos/ad/mhxy-gaoebaoji_005.ts,ad/mhxy-gaoebaoji_005.ts,.ts,3010256,252509c96793cab3d4fc69ef7f55aa9b3819693d3df5c12fb19c7018ed737ac1,ad/mhxy-gaoebaoji.m3u8,mhxy-gaoebaoji_005.ts,assets/videos/ad/mhxy-gaoebaoji_005.ts,https://media.jazimportfolio.com/assets/videos/ad/mhxy-gaoebaoji_005.ts
public/assets/videos/ad/mhxy-gaoebaoji_006.ts,ad/mhxy-gaoebaoji_006.ts,.ts,3247888,86ce3c84b52c2c3de4082c5d4a0b95ecb31421d95009d3cf351dfc6aa4b6121f,ad/mhxy-gaoebaoji.m3u8,mhxy-gaoebaoji_006.ts,assets/videos/ad/mhxy-gaoebaoji_006.ts,https://media.jazimportfolio.com/assets/videos/ad/mhxy-gaoebaoji_006.ts
public/assets/videos/ad/mhxy-gaoebaoji_007.ts,ad/mhxy-gaoebaoji_007.ts,.ts,3442280,74129dd2aa834ce96fdc7dfc7e45479b3e50edc9087093fb9fe359a9ea45bf31,ad/mhxy-gaoebaoji.m3u8,mhxy-gaoebaoji_007.ts,assets/videos/ad/mhxy-gaoebaoji_007.ts,https://media.jazimportfolio.com/assets/videos/ad/mhxy-gaoebaoji_007.ts
public/assets/videos/ad/mhxy-gaoebaoji_008.ts,ad/mhxy-gaoebaoji_008.ts,.ts,3233976,583f99ab15ec4b6b3d67f96a42872b952d61073da96e910ad15d86ffb0976a51,ad/mhxy-gaoebaoji.m3u8,mhxy-gaoebaoji_008.ts,assets/videos/ad/mhxy-gaoebaoji_008.ts,https://media.jazimportfolio.com/assets/videos/ad/mhxy-gaoebaoji_008.ts
public/assets/videos/ad/mhxy-kol-lishenmechuang.m3u8,ad/mhxy-kol-lishenmechuang.m3u8,.m3u8,505,,,,assets/videos/ad/mhxy-kol-lishenmechuang.m3u8,https://media.jazimportfolio.com/assets/videos/ad/mhxy-kol-lishenmechuang.m3u8
public/assets/videos/ad/mhxy-kol-lishenmechuang_000.ts,ad/mhxy-kol-lishenmechuang_000.ts,.ts,2180424,886ff2cea81484e563b41ae85c426012616994bf5d8146cbeb8b11363458d08a,ad/mhxy-kol-lishenmechuang.m3u8,mhxy-kol-lishenmechuang_000.ts,assets/videos/ad/mhxy-kol-lishenmechuang_000.ts,https://media.jazimportfolio.com/assets/videos/ad/mhxy-kol-lishenmechuang_000.ts
public/assets/videos/ad/mhxy-kol-lishenmechuang_001.ts,ad/mhxy-kol-lishenmechuang_001.ts,.ts,2838424,6a1423bf028bcf9f574782586217aa9736cd26b7b4a34e112cba1d085464f634,ad/mhxy-kol-lishenmechuang.m3u8,mhxy-kol-lishenmechuang_001.ts,assets/videos/ad/mhxy-kol-lishenmechuang_001.ts,https://media.jazimportfolio.com/assets/videos/ad/mhxy-kol-lishenmechuang_001.ts
public/assets/videos/ad/mhxy-kol-lishenmechuang_002.ts,ad/mhxy-kol-lishenmechuang_002.ts,.ts,2677684,e251fd269d34993be1a016104e25720d2a063d8b18657fd18f303b9aee504777,ad/mhxy-kol-lishenmechuang.m3u8,mhxy-kol-lishenmechuang_002.ts,assets/videos/ad/mhxy-kol-lishenmechuang_002.ts,https://media.jazimportfolio.com/assets/videos/ad/mhxy-kol-lishenmechuang_002.ts
public/assets/videos/ad/mhxy-kol-lishenmechuang_003.ts,ad/mhxy-kol-lishenmechuang_003.ts,.ts,1478244,65775300afe09bee3c73651d985cf2ccec9ac50a84e50c59cf41c5e2593b5c77,ad/mhxy-kol-lishenmechuang.m3u8,mhxy-kol-lishenmechuang_003.ts,assets/videos/ad/mhxy-kol-lishenmechuang_003.ts,https://media.jazimportfolio.com/assets/videos/ad/mhxy-kol-lishenmechuang_003.ts
public/assets/videos/ad/mhxy-kol-lishenmechuang_004.ts,ad/mhxy-kol-lishenmechuang_004.ts,.ts,2993148,31d5d3eb1221467e3b04460652e6244c991d3984eec032a4d4a53126331fe820,ad/mhxy-kol-lishenmechuang.m3u8,mhxy-kol-lishenmechuang_004.ts,assets/videos/ad/mhxy-kol-lishenmechuang_004.ts,https://media.jazimportfolio.com/assets/videos/ad/mhxy-kol-lishenmechuang_004.ts
public/assets/videos/ad/mhxy-kol-lishenmechuang_005.ts,ad/mhxy-kol-lishenmechuang_005.ts,.ts,1495164,c7e72aec226e7ff89aa5aaf1b01a9f1c6192b94f7ed05dbbc3b17ffedc958cb7,ad/mhxy-kol-lishenmechuang.m3u8,mhxy-kol-lishenmechuang_005.ts,assets/videos/ad/mhxy-kol-lishenmechuang_005.ts,https://media.jazimportfolio.com/assets/videos/ad/mhxy-kol-lishenmechuang_005.ts
public/assets/videos/ad/mhxy-kol-lishenmechuang_006.ts,ad/mhxy-kol-lishenmechuang_006.ts,.ts,8169728,55972fe14ecbd717d6ef8ac51bae35dd6aa50a94ca4f815868da602f823126ec,ad/mhxy-kol-lishenmechuang.m3u8,mhxy-kol-lishenmechuang_006.ts,assets/videos/ad/mhxy-kol-lishenmechuang_006.ts,https://media.jazimportfolio.com/assets/videos/ad/mhxy-kol-lishenmechuang_006.ts
public/assets/videos/ad/mhxy-kol-lishenmechuang_007.ts,ad/mhxy-kol-lishenmechuang_007.ts,.ts,4310464,f6fdaa712420d012fb605b86347c02cc94a1b3496a3e116689d49a3c394850d1,ad/mhxy-kol-lishenmechuang.m3u8,mhxy-kol-lishenmechuang_007.ts,assets/videos/ad/mhxy-kol-lishenmechuang_007.ts,https://media.jazimportfolio.com/assets/videos/ad/mhxy-kol-lishenmechuang_007.ts
public/assets/videos/ad/mhxy-kol-menghuanjinian.m3u8,ad/mhxy-kol-menghuanjinian.m3u8,.m3u8,554,,,,assets/videos/ad/mhxy-kol-menghuanjinian.m3u8,https://media.jazimportfolio.com/assets/videos/ad/mhxy-kol-menghuanjinian.m3u8
public/assets/videos/ad/mhxy-kol-menghuanjinian_000.ts,ad/mhxy-kol-menghuanjinian_000.ts,.ts,4867884,8d019fef649a89259cef7a7e12bf1ac91f9a6edd59287200cf40ba0501867f41,ad/mhxy-kol-menghuanjinian.m3u8,mhxy-kol-menghuanjinian_000.ts,assets/videos/ad/mhxy-kol-menghuanjinian_000.ts,https://media.jazimportfolio.com/assets/videos/ad/mhxy-kol-menghuanjinian_000.ts
public/assets/videos/ad/mhxy-kol-menghuanjinian_001.ts,ad/mhxy-kol-menghuanjinian_001.ts,.ts,1475612,af845c2843d259efa547796c64b8aff033e5016127d06e1261067aec2b448300,ad/mhxy-kol-menghuanjinian.m3u8,mhxy-kol-menghuanjinian_001.ts,assets/videos/ad/mhxy-kol-menghuanjinian_001.ts,https://media.jazimportfolio.com/assets/videos/ad/mhxy-kol-menghuanjinian_001.ts
public/assets/videos/ad/mhxy-kol-menghuanjinian_002.ts,ad/mhxy-kol-menghuanjinian_002.ts,.ts,2900652,b582661f28dcb3ceadd6247e66adc736d50c5b724a2085be2a310560473999eb,ad/mhxy-kol-menghuanjinian.m3u8,mhxy-kol-menghuanjinian_002.ts,assets/videos/ad/mhxy-kol-menghuanjinian_002.ts,https://media.jazimportfolio.com/assets/videos/ad/mhxy-kol-menghuanjinian_002.ts
public/assets/videos/ad/mhxy-kol-menghuanjinian_003.ts,ad/mhxy-kol-menghuanjinian_003.ts,.ts,6407416,fd0e12a2c057c397242761217419102c851c012a101356cedfd7a6fc826ed39a,ad/mhxy-kol-menghuanjinian.m3u8,mhxy-kol-menghuanjinian_003.ts,assets/videos/ad/mhxy-kol-menghuanjinian_003.ts,https://media.jazimportfolio.com/assets/videos/ad/mhxy-kol-menghuanjinian_003.ts
public/assets/videos/ad/mhxy-kol-menghuanjinian_004.ts,ad/mhxy-kol-menghuanjinian_004.ts,.ts,1782428,3f7940bfb5ff0bf64e48bf0cbacca761e28a37404fa9ddf75f566362cd59d485,ad/mhxy-kol-menghuanjinian.m3u8,mhxy-kol-menghuanjinian_004.ts,assets/videos/ad/mhxy-kol-menghuanjinian_004.ts,https://media.jazimportfolio.com/assets/videos/ad/mhxy-kol-menghuanjinian_004.ts
public/assets/videos/ad/mhxy-kol-menghuanjinian_005.ts,ad/mhxy-kol-menghuanjinian_005.ts,.ts,5759004,d5f2f48a374b93bb6538dd75a2733f200974bdbf283076d4438d1d3a6e5d8687,ad/mhxy-kol-menghuanjinian.m3u8,mhxy-kol-menghuanjinian_005.ts,assets/videos/ad/mhxy-kol-menghuanjinian_005.ts,https://media.jazimportfolio.com/assets/videos/ad/mhxy-kol-menghuanjinian_005.ts
public/assets/videos/ad/mhxy-kol-menghuanjinian_006.ts,ad/mhxy-kol-menghuanjinian_006.ts,.ts,1900116,14571c329c8f1cc2cbf8efeb3bc3a76f588f306f33beef0c7bd93f68e5f3875a,ad/mhxy-kol-menghuanjinian.m3u8,mhxy-kol-menghuanjinian_006.ts,assets/videos/ad/mhxy-kol-menghuanjinian_006.ts,https://media.jazimportfolio.com/assets/videos/ad/mhxy-kol-menghuanjinian_006.ts
public/assets/videos/ad/mhxy-kol-menghuanjinian_007.ts,ad/mhxy-kol-menghuanjinian_007.ts,.ts,5054380,591bcf4a5fa34fab0185d9beb34fdd10ce777411344f52f8e91df7bab1a7019a,ad/mhxy-kol-menghuanjinian.m3u8,mhxy-kol-menghuanjinian_007.ts,assets/videos/ad/mhxy-kol-menghuanjinian_007.ts,https://media.jazimportfolio.com/assets/videos/ad/mhxy-kol-menghuanjinian_007.ts
public/assets/videos/ad/mhxy-kol-menghuanjinian_008.ts,ad/mhxy-kol-menghuanjinian_008.ts,.ts,2819060,33f3d49a5df2177979b16edcc926fb7cdc9340f042470b6d77edd1221661ca8f,ad/mhxy-kol-menghuanjinian.m3u8,mhxy-kol-menghuanjinian_008.ts,assets/videos/ad/mhxy-kol-menghuanjinian_008.ts,https://media.jazimportfolio.com/assets/videos/ad/mhxy-kol-menghuanjinian_008.ts
public/assets/videos/ad/mhxy-linli-haidaohunfang.m3u8,ad/mhxy-linli-haidaohunfang.m3u8,.m3u8,513,,,,assets/videos/ad/mhxy-linli-haidaohunfang.m3u8,https://media.jazimportfolio.com/assets/videos/ad/mhxy-linli-haidaohunfang.m3u8
public/assets/videos/ad/mhxy-linli-haidaohunfang_000.ts,ad/mhxy-linli-haidaohunfang_000.ts,.ts,5518364,508953fbbdf64f682a8f1fd4a5d4a5975a54ace9cde5cc67f2c1c0d1636f6237,ad/mhxy-linli-haidaohunfang.m3u8,mhxy-linli-haidaohunfang_000.ts,assets/videos/ad/mhxy-linli-haidaohunfang_000.ts,https://media.jazimportfolio.com/assets/videos/ad/mhxy-linli-haidaohunfang_000.ts
public/assets/videos/ad/mhxy-linli-haidaohunfang_001.ts,ad/mhxy-linli-haidaohunfang_001.ts,.ts,3509020,c252aed360a2e556660662da568127b8e02f0f02a80faca349023a52966fd3c5,ad/mhxy-linli-haidaohunfang.m3u8,mhxy-linli-haidaohunfang_001.ts,assets/videos/ad/mhxy-linli-haidaohunfang_001.ts,https://media.jazimportfolio.com/assets/videos/ad/mhxy-linli-haidaohunfang_001.ts
public/assets/videos/ad/mhxy-linli-haidaohunfang_002.ts,ad/mhxy-linli-haidaohunfang_002.ts,.ts,2633316,f08a4769a914352e725b2be2e535a92cae4bcde454d4588566e7402c9dd9340c,ad/mhxy-linli-haidaohunfang.m3u8,mhxy-linli-haidaohunfang_002.ts,assets/videos/ad/mhxy-linli-haidaohunfang_002.ts,https://media.jazimportfolio.com/assets/videos/ad/mhxy-linli-haidaohunfang_002.ts
public/assets/videos/ad/mhxy-linli-haidaohunfang_003.ts,ad/mhxy-linli-haidaohunfang_003.ts,.ts,5025428,56b63ef486a3b57e962ee629bdbab735d5497a8390ea0c22302be84e4b8b9ca5,ad/mhxy-linli-haidaohunfang.m3u8,mhxy-linli-haidaohunfang_003.ts,assets/videos/ad/mhxy-linli-haidaohunfang_003.ts,https://media.jazimportfolio.com/assets/videos/ad/mhxy-linli-haidaohunfang_003.ts
public/assets/videos/ad/mhxy-linli-haidaohunfang_004.ts,ad/mhxy-linli-haidaohunfang_004.ts,.ts,901460,127978e10ba6dc8949468b3095f4fa72709e0912f77e6febc3173d10887f00de,ad/mhxy-linli-haidaohunfang.m3u8,mhxy-linli-haidaohunfang_004.ts,assets/videos/ad/mhxy-linli-haidaohunfang_004.ts,https://media.jazimportfolio.com/assets/videos/ad/mhxy-linli-haidaohunfang_004.ts
public/assets/videos/ad/mhxy-linli-haidaohunfang_005.ts,ad/mhxy-linli-haidaohunfang_005.ts,.ts,2712652,f0189a4030ab901e10d6dcee11a876b664ceaf3253bbc8b39cea8a63526380ac,ad/mhxy-linli-haidaohunfang.m3u8,mhxy-linli-haidaohunfang_005.ts,assets/videos/ad/mhxy-linli-haidaohunfang_005.ts,https://media.jazimportfolio.com/assets/videos/ad/mhxy-linli-haidaohunfang_005.ts
public/assets/videos/ad/mhxy-linli-haidaohunfang_006.ts,ad/mhxy-linli-haidaohunfang_006.ts,.ts,9117248,e855895595e3a1c68eff5fd0abe47d6d195f6ab12bf28d73f6986914259a9ab0,ad/mhxy-linli-haidaohunfang.m3u8,mhxy-linli-haidaohunfang_006.ts,assets/videos/ad/mhxy-linli-haidaohunfang_006.ts,https://media.jazimportfolio.com/assets/videos/ad/mhxy-linli-haidaohunfang_006.ts
public/assets/videos/ad/mhxy-linli-haidaohunfang_007.ts,ad/mhxy-linli-haidaohunfang_007.ts,.ts,3867724,9d27b1dfd4c770bacfde034a9f3159a1e528ff94aa88b70ba394049c6fd9aa1d,ad/mhxy-linli-haidaohunfang.m3u8,mhxy-linli-haidaohunfang_007.ts,assets/videos/ad/mhxy-linli-haidaohunfang_007.ts,https://media.jazimportfolio.com/assets/videos/ad/mhxy-linli-haidaohunfang_007.ts
public/assets/videos/ad/mhxy-linli-haoxiaoxi.m3u8,ad/mhxy-linli-haoxiaoxi.m3u8,.m3u8,435,,,,assets/videos/ad/mhxy-linli-haoxiaoxi.m3u8,https://media.jazimportfolio.com/assets/videos/ad/mhxy-linli-haoxiaoxi.m3u8
public/assets/videos/ad/mhxy-linli-haoxiaoxi_000.ts,ad/mhxy-linli-haoxiaoxi_000.ts,.ts,3266876,a66e5a3b4ac2674c52a4e9fd2e0111b90b38926ddffc63b126a2c1444b2a1c87,ad/mhxy-linli-haoxiaoxi.m3u8,mhxy-linli-haoxiaoxi_000.ts,assets/videos/ad/mhxy-linli-haoxiaoxi_000.ts,https://media.jazimportfolio.com/assets/videos/ad/mhxy-linli-haoxiaoxi_000.ts
public/assets/videos/ad/mhxy-linli-haoxiaoxi_001.ts,ad/mhxy-linli-haoxiaoxi_001.ts,.ts,4838932,8b051852246116529981ec1ce383ca48fc1de3235ffcc688c9f69d948d81e319,ad/mhxy-linli-haoxiaoxi.m3u8,mhxy-linli-haoxiaoxi_001.ts,assets/videos/ad/mhxy-linli-haoxiaoxi_001.ts,https://media.jazimportfolio.com/assets/videos/ad/mhxy-linli-haoxiaoxi_001.ts
public/assets/videos/ad/mhxy-linli-haoxiaoxi_002.ts,ad/mhxy-linli-haoxiaoxi_002.ts,.ts,2461484,6753a64b6eca96a14024142874c04b4ddcbe37d0b06a28c4cfc506283d9cba20,ad/mhxy-linli-haoxiaoxi.m3u8,mhxy-linli-haoxiaoxi_002.ts,assets/videos/ad/mhxy-linli-haoxiaoxi_002.ts,https://media.jazimportfolio.com/assets/videos/ad/mhxy-linli-haoxiaoxi_002.ts
public/assets/videos/ad/mhxy-linli-haoxiaoxi_003.ts,ad/mhxy-linli-haoxiaoxi_003.ts,.ts,3648516,3bd58565ede09e2622e9def49cf5fb8c1a49b833e9ee2f991777201911b6584b,ad/mhxy-linli-haoxiaoxi.m3u8,mhxy-linli-haoxiaoxi_003.ts,assets/videos/ad/mhxy-linli-haoxiaoxi_003.ts,https://media.jazimportfolio.com/assets/videos/ad/mhxy-linli-haoxiaoxi_003.ts
public/assets/videos/ad/mhxy-linli-haoxiaoxi_004.ts,ad/mhxy-linli-haoxiaoxi_004.ts,.ts,3095420,444111b2661ee01a4ebeff96eeb818ebeed1d8d55211c115fe1252c788f8ad04,ad/mhxy-linli-haoxiaoxi.m3u8,mhxy-linli-haoxiaoxi_004.ts,assets/videos/ad/mhxy-linli-haoxiaoxi_004.ts,https://media.jazimportfolio.com/assets/videos/ad/mhxy-linli-haoxiaoxi_004.ts
public/assets/videos/ad/mhxy-linli-haoxiaoxi_005.ts,ad/mhxy-linli-haoxiaoxi_005.ts,.ts,1561152,cda342aa50bbb84d863ebc8ee737fc6858b883cb10b8426b6edc1d47c9af62b4,ad/mhxy-linli-haoxiaoxi.m3u8,mhxy-linli-haoxiaoxi_005.ts,assets/videos/ad/mhxy-linli-haoxiaoxi_005.ts,https://media.jazimportfolio.com/assets/videos/ad/mhxy-linli-haoxiaoxi_005.ts
public/assets/videos/ad/mhxy-linli-haoxiaoxi_006.ts,ad/mhxy-linli-haoxiaoxi_006.ts,.ts,6244796,b1f5f640a81db2b6796fc3d0490939911e511c7ba63f296e593f4d159a008967,ad/mhxy-linli-haoxiaoxi.m3u8,mhxy-linli-haoxiaoxi_006.ts,assets/videos/ad/mhxy-linli-haoxiaoxi_006.ts,https://media.jazimportfolio.com/assets/videos/ad/mhxy-linli-haoxiaoxi_006.ts
public/assets/videos/ad/mhxy-shikong-chengbaquanfu.m3u8,ad/mhxy-shikong-chengbaquanfu.m3u8,.m3u8,529,,,,assets/videos/ad/mhxy-shikong-chengbaquanfu.m3u8,https://media.jazimportfolio.com/assets/videos/ad/mhxy-shikong-chengbaquanfu.m3u8
public/assets/videos/ad/mhxy-shikong-chengbaquanfu_000.ts,ad/mhxy-shikong-chengbaquanfu_000.ts,.ts,3450552,d98c1edf5f66cbfbc7a709c4d6ba5824cfabae1e5bdf435913a87638616d723c,ad/mhxy-shikong-chengbaquanfu.m3u8,mhxy-shikong-chengbaquanfu_000.ts,assets/videos/ad/mhxy-shikong-chengbaquanfu_000.ts,https://media.jazimportfolio.com/assets/videos/ad/mhxy-shikong-chengbaquanfu_000.ts
public/assets/videos/ad/mhxy-shikong-chengbaquanfu_001.ts,ad/mhxy-shikong-chengbaquanfu_001.ts,.ts,6895652,5b4ee2a689ae8cb772c8b1f706651f6b4d4be089369753063cfacf482d9b2b3b,ad/mhxy-shikong-chengbaquanfu.m3u8,mhxy-shikong-chengbaquanfu_001.ts,assets/videos/ad/mhxy-shikong-chengbaquanfu_001.ts,https://media.jazimportfolio.com/assets/videos/ad/mhxy-shikong-chengbaquanfu_001.ts
public/assets/videos/ad/mhxy-shikong-chengbaquanfu_002.ts,ad/mhxy-shikong-chengbaquanfu_002.ts,.ts,1930008,3f0b01bf6023e4dc4797bfd602a24a9408c7347365f41c575c46bfe110409733,ad/mhxy-shikong-chengbaquanfu.m3u8,mhxy-shikong-chengbaquanfu_002.ts,assets/videos/ad/mhxy-shikong-chengbaquanfu_002.ts,https://media.jazimportfolio.com/assets/videos/ad/mhxy-shikong-chengbaquanfu_002.ts
public/assets/videos/ad/mhxy-shikong-chengbaquanfu_003.ts,ad/mhxy-shikong-chengbaquanfu_003.ts,.ts,3883328,4d14c6d49572c7fc03888cd525de31a57692dc8229b7f0e32fc4f71ac5d62d5e,ad/mhxy-shikong-chengbaquanfu.m3u8,mhxy-shikong-chengbaquanfu_003.ts,assets/videos/ad/mhxy-shikong-chengbaquanfu_003.ts,https://media.jazimportfolio.com/assets/videos/ad/mhxy-shikong-chengbaquanfu_003.ts
public/assets/videos/ad/mhxy-shikong-chengbaquanfu_004.ts,ad/mhxy-shikong-chengbaquanfu_004.ts,.ts,3979208,b424c32ad8d978ab7700026505e8473c4ee437f53ab18ebb0837e59c7b99bc02,ad/mhxy-shikong-chengbaquanfu.m3u8,mhxy-shikong-chengbaquanfu_004.ts,assets/videos/ad/mhxy-shikong-chengbaquanfu_004.ts,https://media.jazimportfolio.com/assets/videos/ad/mhxy-shikong-chengbaquanfu_004.ts
public/assets/videos/ad/mhxy-shikong-chengbaquanfu_005.ts,ad/mhxy-shikong-chengbaquanfu_005.ts,.ts,3841216,3056621c18775d5ae36b54dd50c8a0664b25264e7ca9ed574e0f0d60e1c6e3b3,ad/mhxy-shikong-chengbaquanfu.m3u8,mhxy-shikong-chengbaquanfu_005.ts,assets/videos/ad/mhxy-shikong-chengbaquanfu_005.ts,https://media.jazimportfolio.com/assets/videos/ad/mhxy-shikong-chengbaquanfu_005.ts
public/assets/videos/ad/mhxy-shikong-chengbaquanfu_006.ts,ad/mhxy-shikong-chengbaquanfu_006.ts,.ts,2557176,5ce3a0a1d270df22e554a39e50a6b03def494b6fad0a95cb06c33f569242e655,ad/mhxy-shikong-chengbaquanfu.m3u8,mhxy-shikong-chengbaquanfu_006.ts,assets/videos/ad/mhxy-shikong-chengbaquanfu_006.ts,https://media.jazimportfolio.com/assets/videos/ad/mhxy-shikong-chengbaquanfu_006.ts
public/assets/videos/ad/mhxy-shikong-chengbaquanfu_007.ts,ad/mhxy-shikong-chengbaquanfu_007.ts,.ts,5132212,b0f285e6348cd6acb54dee660e1ac9edab7784f576e6855fd8d1abbd4db1d921,ad/mhxy-shikong-chengbaquanfu.m3u8,mhxy-shikong-chengbaquanfu_007.ts,assets/videos/ad/mhxy-shikong-chengbaquanfu_007.ts,https://media.jazimportfolio.com/assets/videos/ad/mhxy-shikong-chengbaquanfu_007.ts
public/assets/videos/ad/mhxy-tiandiqiju-wubufa.m3u8,ad/mhxy-tiandiqiju-wubufa.m3u8,.m3u8,593,,,,assets/videos/ad/mhxy-tiandiqiju-wubufa.m3u8,https://media.jazimportfolio.com/assets/videos/ad/mhxy-tiandiqiju-wubufa.m3u8
public/assets/videos/ad/mhxy-tiandiqiju-wubufa_000.ts,ad/mhxy-tiandiqiju-wubufa_000.ts,.ts,1610596,f5cd5e668c62bcfc0f0157ef44aac74d62f5357b34d7b24180ac175ce83fdf94,ad/mhxy-tiandiqiju-wubufa.m3u8,mhxy-tiandiqiju-wubufa_000.ts,assets/videos/ad/mhxy-tiandiqiju-wubufa_000.ts,https://media.jazimportfolio.com/assets/videos/ad/mhxy-tiandiqiju-wubufa_000.ts
public/assets/videos/ad/mhxy-tiandiqiju-wubufa_001.ts,ad/mhxy-tiandiqiju-wubufa_001.ts,.ts,681876,6ab4ee53e4a1b59aee82e93bc846b7e6bb91aa5400f2c2b5c22c4055c799c3ac,ad/mhxy-tiandiqiju-wubufa.m3u8,mhxy-tiandiqiju-wubufa_001.ts,assets/videos/ad/mhxy-tiandiqiju-wubufa_001.ts,https://media.jazimportfolio.com/assets/videos/ad/mhxy-tiandiqiju-wubufa_001.ts
public/assets/videos/ad/mhxy-tiandiqiju-wubufa_002.ts,ad/mhxy-tiandiqiju-wubufa_002.ts,.ts,1764380,75b338903af6a28fdcd5907da51f28192020db29cde112c405ff10d8f9a83f62,ad/mhxy-tiandiqiju-wubufa.m3u8,mhxy-tiandiqiju-wubufa_002.ts,assets/videos/ad/mhxy-tiandiqiju-wubufa_002.ts,https://media.jazimportfolio.com/assets/videos/ad/mhxy-tiandiqiju-wubufa_002.ts
public/assets/videos/ad/mhxy-tiandiqiju-wubufa_003.ts,ad/mhxy-tiandiqiju-wubufa_003.ts,.ts,2872264,18ace279c7586f52edf7ae6d44a8174021bf743d79cc43727bec6b8902c588c0,ad/mhxy-tiandiqiju-wubufa.m3u8,mhxy-tiandiqiju-wubufa_003.ts,assets/videos/ad/mhxy-tiandiqiju-wubufa_003.ts,https://media.jazimportfolio.com/assets/videos/ad/mhxy-tiandiqiju-wubufa_003.ts
public/assets/videos/ad/mhxy-tiandiqiju-wubufa_004.ts,ad/mhxy-tiandiqiju-wubufa_004.ts,.ts,1394772,8a0ad73e6b4cadc1d8dc18eabae7198ecf335c20d13f64fb4bc1991da9d129c3,ad/mhxy-tiandiqiju-wubufa.m3u8,mhxy-tiandiqiju-wubufa_004.ts,assets/videos/ad/mhxy-tiandiqiju-wubufa_004.ts,https://media.jazimportfolio.com/assets/videos/ad/mhxy-tiandiqiju-wubufa_004.ts
public/assets/videos/ad/mhxy-tiandiqiju-wubufa_005.ts,ad/mhxy-tiandiqiju-wubufa_005.ts,.ts,1963284,ffeaa3479319f35c06c58d4e467dee54d6c6d60a7856c9fefbb63295b7cd8d33,ad/mhxy-tiandiqiju-wubufa.m3u8,mhxy-tiandiqiju-wubufa_005.ts,assets/videos/ad/mhxy-tiandiqiju-wubufa_005.ts,https://media.jazimportfolio.com/assets/videos/ad/mhxy-tiandiqiju-wubufa_005.ts
public/assets/videos/ad/mhxy-tiandiqiju-wubufa_006.ts,ad/mhxy-tiandiqiju-wubufa_006.ts,.ts,1310548,5f6492bc9666b41f7b62d2ea04ed78e9340d59ef66420b721b1b17bf24f79b45,ad/mhxy-tiandiqiju-wubufa.m3u8,mhxy-tiandiqiju-wubufa_006.ts,assets/videos/ad/mhxy-tiandiqiju-wubufa_006.ts,https://media.jazimportfolio.com/assets/videos/ad/mhxy-tiandiqiju-wubufa_006.ts
public/assets/videos/ad/mhxy-tiandiqiju-wubufa_007.ts,ad/mhxy-tiandiqiju-wubufa_007.ts,.ts,59972,ec1bd7cd444778e5af9af64007e5a1876fb9e519f765f5effeaceb74e77a580e,ad/mhxy-tiandiqiju-wubufa.m3u8,mhxy-tiandiqiju-wubufa_007.ts,assets/videos/ad/mhxy-tiandiqiju-wubufa_007.ts,https://media.jazimportfolio.com/assets/videos/ad/mhxy-tiandiqiju-wubufa_007.ts
public/assets/videos/ad/mhxy-tiandiqiju-wubufa_008.ts,ad/mhxy-tiandiqiju-wubufa_008.ts,.ts,1285168,4bc225af56fcef3058828482fc120754ded10aa13db066758a0702e1810af73c,ad/mhxy-tiandiqiju-wubufa.m3u8,mhxy-tiandiqiju-wubufa_008.ts,assets/videos/ad/mhxy-tiandiqiju-wubufa_008.ts,https://media.jazimportfolio.com/assets/videos/ad/mhxy-tiandiqiju-wubufa_008.ts
public/assets/videos/ad/mhxy-tiandiqiju-wubufa_009.ts,ad/mhxy-tiandiqiju-wubufa_009.ts,.ts,2893696,c1fba24baac72139f2715ee789d05dd80a35234d064b4c9d753a54f91fa6236f,ad/mhxy-tiandiqiju-wubufa.m3u8,mhxy-tiandiqiju-wubufa_009.ts,assets/videos/ad/mhxy-tiandiqiju-wubufa_009.ts,https://media.jazimportfolio.com/assets/videos/ad/mhxy-tiandiqiju-wubufa_009.ts
public/assets/videos/ad/mhxy-tiandiqiju-xuanchuan.m3u8,ad/mhxy-tiandiqiju-xuanchuan.m3u8,.m3u8,572,,,,assets/videos/ad/mhxy-tiandiqiju-xuanchuan.m3u8,https://media.jazimportfolio.com/assets/videos/ad/mhxy-tiandiqiju-xuanchuan.m3u8
public/assets/videos/ad/mhxy-tiandiqiju-xuanchuan_000.ts,ad/mhxy-tiandiqiju-xuanchuan_000.ts,.ts,1197372,abc5f8cd2d11ca0029393e8e59e055c3d8b19fada3e06fb1316daec3ec29aaf8,ad/mhxy-tiandiqiju-xuanchuan.m3u8,mhxy-tiandiqiju-xuanchuan_000.ts,assets/videos/ad/mhxy-tiandiqiju-xuanchuan_000.ts,https://media.jazimportfolio.com/assets/videos/ad/mhxy-tiandiqiju-xuanchuan_000.ts
public/assets/videos/ad/mhxy-tiandiqiju-xuanchuan_001.ts,ad/mhxy-tiandiqiju-xuanchuan_001.ts,.ts,1687300,cbf7ab00346681e029aaf4c183bca50ea34cb8965e8d7b5735d1cca6cace468c,ad/mhxy-tiandiqiju-xuanchuan.m3u8,mhxy-tiandiqiju-xuanchuan_001.ts,assets/videos/ad/mhxy-tiandiqiju-xuanchuan_001.ts,https://media.jazimportfolio.com/assets/videos/ad/mhxy-tiandiqiju-xuanchuan_001.ts
public/assets/videos/ad/mhxy-tiandiqiju-xuanchuan_002.ts,ad/mhxy-tiandiqiju-xuanchuan_002.ts,.ts,1598376,fedd23be660ab0d6afa222ca329b865b900b4f9d8d916dbc81bc9ada17802acb,ad/mhxy-tiandiqiju-xuanchuan.m3u8,mhxy-tiandiqiju-xuanchuan_002.ts,assets/videos/ad/mhxy-tiandiqiju-xuanchuan_002.ts,https://media.jazimportfolio.com/assets/videos/ad/mhxy-tiandiqiju-xuanchuan_002.ts
public/assets/videos/ad/mhxy-tiandiqiju-xuanchuan_003.ts,ad/mhxy-tiandiqiju-xuanchuan_003.ts,.ts,1991108,91a9dce417c4f475b653843c520ba818b6a5d6f9f89e51fba391909250f21f79,ad/mhxy-tiandiqiju-xuanchuan.m3u8,mhxy-tiandiqiju-xuanchuan_003.ts,assets/videos/ad/mhxy-tiandiqiju-xuanchuan_003.ts,https://media.jazimportfolio.com/assets/videos/ad/mhxy-tiandiqiju-xuanchuan_003.ts
public/assets/videos/ad/mhxy-tiandiqiju-xuanchuan_004.ts,ad/mhxy-tiandiqiju-xuanchuan_004.ts,.ts,2035100,c7f07854d482b364dc9b3504eebd046c5dc2f9366d0f4e809b2230b7bb61376e,ad/mhxy-tiandiqiju-xuanchuan.m3u8,mhxy-tiandiqiju-xuanchuan_004.ts,assets/videos/ad/mhxy-tiandiqiju-xuanchuan_004.ts,https://media.jazimportfolio.com/assets/videos/ad/mhxy-tiandiqiju-xuanchuan_004.ts
public/assets/videos/ad/mhxy-tiandiqiju-xuanchuan_005.ts,ad/mhxy-tiandiqiju-xuanchuan_005.ts,.ts,1715876,fd3579dfe92461a07dc5cd47cb5551926138e32d584f39f4ecb612df1656d526,ad/mhxy-tiandiqiju-xuanchuan.m3u8,mhxy-tiandiqiju-xuanchuan_005.ts,assets/videos/ad/mhxy-tiandiqiju-xuanchuan_005.ts,https://media.jazimportfolio.com/assets/videos/ad/mhxy-tiandiqiju-xuanchuan_005.ts
public/assets/videos/ad/mhxy-tiandiqiju-xuanchuan_006.ts,ad/mhxy-tiandiqiju-xuanchuan_006.ts,.ts,3627836,9a36d5096e16f00fc9b7d7f5e7f9c291a215238d24a9639b0b792aaaa8039f21,ad/mhxy-tiandiqiju-xuanchuan.m3u8,mhxy-tiandiqiju-xuanchuan_006.ts,assets/videos/ad/mhxy-tiandiqiju-xuanchuan_006.ts,https://media.jazimportfolio.com/assets/videos/ad/mhxy-tiandiqiju-xuanchuan_006.ts
public/assets/videos/ad/mhxy-tiandiqiju-xuanchuan_007.ts,ad/mhxy-tiandiqiju-xuanchuan_007.ts,.ts,2726940,fd007dd6d0ca3b9ada45ed55b21a3f0c4c7893169d63cb735a6b96fa86ad7fd0,ad/mhxy-tiandiqiju-xuanchuan.m3u8,mhxy-tiandiqiju-xuanchuan_007.ts,assets/videos/ad/mhxy-tiandiqiju-xuanchuan_007.ts,https://media.jazimportfolio.com/assets/videos/ad/mhxy-tiandiqiju-xuanchuan_007.ts
public/assets/videos/ad/mhxy-tiandiqiju-xuanchuan_008.ts,ad/mhxy-tiandiqiju-xuanchuan_008.ts,.ts,169764,55b5d0afe2da3f1391ae7b5a204dbf08f0d9d966603fc31e94ea25ad45fe7c08,ad/mhxy-tiandiqiju-xuanchuan.m3u8,mhxy-tiandiqiju-xuanchuan_008.ts,assets/videos/ad/mhxy-tiandiqiju-xuanchuan_008.ts,https://media.jazimportfolio.com/assets/videos/ad/mhxy-tiandiqiju-xuanchuan_008.ts
public/assets/videos/ad/mhxy-tianpengyinyuan.m3u8,ad/mhxy-tianpengyinyuan.m3u8,.m3u8,481,,,,assets/videos/ad/mhxy-tianpengyinyuan.m3u8,https://media.jazimportfolio.com/assets/videos/ad/mhxy-tianpengyinyuan.m3u8
public/assets/videos/ad/mhxy-tianpengyinyuan_000.ts,ad/mhxy-tianpengyinyuan_000.ts,.ts,1291184,eb7855cd0597469388eb8753f72d3aded0295be99429af2f6cbfd1033cf2110a,ad/mhxy-tianpengyinyuan.m3u8,mhxy-tianpengyinyuan_000.ts,assets/videos/ad/mhxy-tianpengyinyuan_000.ts,https://media.jazimportfolio.com/assets/videos/ad/mhxy-tianpengyinyuan_000.ts
public/assets/videos/ad/mhxy-tianpengyinyuan_001.ts,ad/mhxy-tianpengyinyuan_001.ts,.ts,788848,f3606b7a6a230cafd232c18ab62808887f7db583faec956be7075fb6e6de4779,ad/mhxy-tianpengyinyuan.m3u8,mhxy-tianpengyinyuan_001.ts,assets/videos/ad/mhxy-tianpengyinyuan_001.ts,https://media.jazimportfolio.com/assets/videos/ad/mhxy-tianpengyinyuan_001.ts
public/assets/videos/ad/mhxy-tianpengyinyuan_002.ts,ad/mhxy-tianpengyinyuan_002.ts,.ts,1885264,39c87db1a88a73a0aaf6242b074f7cb28dbe53bb0b1400d77d4f4cb5eb8424e7,ad/mhxy-tianpengyinyuan.m3u8,mhxy-tianpengyinyuan_002.ts,assets/videos/ad/mhxy-tianpengyinyuan_002.ts,https://media.jazimportfolio.com/assets/videos/ad/mhxy-tianpengyinyuan_002.ts
public/assets/videos/ad/mhxy-tianpengyinyuan_003.ts,ad/mhxy-tianpengyinyuan_003.ts,.ts,1916660,10d5e6d119706daffeaddaa0f8bceae06d97c08a2d217dbba971a848089ab061,ad/mhxy-tianpengyinyuan.m3u8,mhxy-tianpengyinyuan_003.ts,assets/videos/ad/mhxy-tianpengyinyuan_003.ts,https://media.jazimportfolio.com/assets/videos/ad/mhxy-tianpengyinyuan_003.ts
public/assets/videos/ad/mhxy-tianpengyinyuan_004.ts,ad/mhxy-tianpengyinyuan_004.ts,.ts,492560,6ead3379be57960d00c23ffe49d723a949344fc4c6548c9f3b16bbfec0d0f4de,ad/mhxy-tianpengyinyuan.m3u8,mhxy-tianpengyinyuan_004.ts,assets/videos/ad/mhxy-tianpengyinyuan_004.ts,https://media.jazimportfolio.com/assets/videos/ad/mhxy-tianpengyinyuan_004.ts
public/assets/videos/ad/mhxy-tianpengyinyuan_005.ts,ad/mhxy-tianpengyinyuan_005.ts,.ts,584304,a7ea01f8e7cefebc7e80004695dcf7833097e47163a002c42900e208910b8f74,ad/mhxy-tianpengyinyuan.m3u8,mhxy-tianpengyinyuan_005.ts,assets/videos/ad/mhxy-tianpengyinyuan_005.ts,https://media.jazimportfolio.com/assets/videos/ad/mhxy-tianpengyinyuan_005.ts
public/assets/videos/ad/mhxy-tianpengyinyuan_006.ts,ad/mhxy-tianpengyinyuan_006.ts,.ts,1445908,965dd54c9b699e5f62cff653a4b07a2148f3ed5274bd003d102c68126fb9e238,ad/mhxy-tianpengyinyuan.m3u8,mhxy-tianpengyinyuan_006.ts,assets/videos/ad/mhxy-tianpengyinyuan_006.ts,https://media.jazimportfolio.com/assets/videos/ad/mhxy-tianpengyinyuan_006.ts
public/assets/videos/ad/mhxy-tianpengyinyuan_007.ts,ad/mhxy-tianpengyinyuan_007.ts,.ts,2634256,50937773247746552e7537135a0defa0008d954ae3ed38a2b93c7a1f3d1c98b0,ad/mhxy-tianpengyinyuan.m3u8,mhxy-tianpengyinyuan_007.ts,assets/videos/ad/mhxy-tianpengyinyuan_007.ts,https://media.jazimportfolio.com/assets/videos/ad/mhxy-tianpengyinyuan_007.ts
public/assets/videos/ad/mhxy-xianzugongzhu.m3u8,ad/mhxy-xianzugongzhu.m3u8,.m3u8,509,,,,assets/videos/ad/mhxy-xianzugongzhu.m3u8,https://media.jazimportfolio.com/assets/videos/ad/mhxy-xianzugongzhu.m3u8
public/assets/videos/ad/mhxy-xianzugongzhu_000.ts,ad/mhxy-xianzugongzhu_000.ts,.ts,3099180,7f5c10e3e52574470e61c6bb3f7c96af7fd94cb8b1b4e407ffe7e28324219308,ad/mhxy-xianzugongzhu.m3u8,mhxy-xianzugongzhu_000.ts,assets/videos/ad/mhxy-xianzugongzhu_000.ts,https://media.jazimportfolio.com/assets/videos/ad/mhxy-xianzugongzhu_000.ts
public/assets/videos/ad/mhxy-xianzugongzhu_001.ts,ad/mhxy-xianzugongzhu_001.ts,.ts,1479748,4060e178bb717d21f1cbf90585f518a60dea235d213d8c3d15bf3a86ca1c0e9e,ad/mhxy-xianzugongzhu.m3u8,mhxy-xianzugongzhu_001.ts,assets/videos/ad/mhxy-xianzugongzhu_001.ts,https://media.jazimportfolio.com/assets/videos/ad/mhxy-xianzugongzhu_001.ts
public/assets/videos/ad/mhxy-xianzugongzhu_002.ts,ad/mhxy-xianzugongzhu_002.ts,.ts,3138284,f8ca1cd12487fd889ce2ba9f5f322ea86df6262d384bf92c3524ef0e15f75caa,ad/mhxy-xianzugongzhu.m3u8,mhxy-xianzugongzhu_002.ts,assets/videos/ad/mhxy-xianzugongzhu_002.ts,https://media.jazimportfolio.com/assets/videos/ad/mhxy-xianzugongzhu_002.ts
public/assets/videos/ad/mhxy-xianzugongzhu_003.ts,ad/mhxy-xianzugongzhu_003.ts,.ts,1895228,f4d5a6cad9b9b17c27dbc41895f7bb9b57e83b13b6672cc3e92fada3d84efead,ad/mhxy-xianzugongzhu.m3u8,mhxy-xianzugongzhu_003.ts,assets/videos/ad/mhxy-xianzugongzhu_003.ts,https://media.jazimportfolio.com/assets/videos/ad/mhxy-xianzugongzhu_003.ts
public/assets/videos/ad/mhxy-xianzugongzhu_004.ts,ad/mhxy-xianzugongzhu_004.ts,.ts,2042056,5238d4369f6e946fe4dbba973f44daa46d03cd7338d5ef92be47baee64f95d8e,ad/mhxy-xianzugongzhu.m3u8,mhxy-xianzugongzhu_004.ts,assets/videos/ad/mhxy-xianzugongzhu_004.ts,https://media.jazimportfolio.com/assets/videos/ad/mhxy-xianzugongzhu_004.ts
public/assets/videos/ad/mhxy-xianzugongzhu_005.ts,ad/mhxy-xianzugongzhu_005.ts,.ts,2502092,bdc5a73f2927c5d0aa31f97072f39082006c3ff40206f9b1aead5674ea0afdc0,ad/mhxy-xianzugongzhu.m3u8,mhxy-xianzugongzhu_005.ts,assets/videos/ad/mhxy-xianzugongzhu_005.ts,https://media.jazimportfolio.com/assets/videos/ad/mhxy-xianzugongzhu_005.ts
public/assets/videos/ad/mhxy-xianzugongzhu_006.ts,ad/mhxy-xianzugongzhu_006.ts,.ts,1867404,c999b79b4f288f3e4d89dc3a8f89036401f30dd1b45226fbc67886283b972064,ad/mhxy-xianzugongzhu.m3u8,mhxy-xianzugongzhu_006.ts,assets/videos/ad/mhxy-xianzugongzhu_006.ts,https://media.jazimportfolio.com/assets/videos/ad/mhxy-xianzugongzhu_006.ts
public/assets/videos/ad/mhxy-xianzugongzhu_007.ts,ad/mhxy-xianzugongzhu_007.ts,.ts,2425012,273cd38b0022cf368f3536bba0b1d75fc4db86e3149beb9a73395f36262abf93,ad/mhxy-xianzugongzhu.m3u8,mhxy-xianzugongzhu_007.ts,assets/videos/ad/mhxy-xianzugongzhu_007.ts,https://media.jazimportfolio.com/assets/videos/ad/mhxy-xianzugongzhu_007.ts
public/assets/videos/ad/mhxy-xianzugongzhu_008.ts,ad/mhxy-xianzugongzhu_008.ts,.ts,4207252,3ec9532c1e55c62eeffb7113003244276a60d583dcb637f7c8e2016b00f26c37,ad/mhxy-xianzugongzhu.m3u8,mhxy-xianzugongzhu_008.ts,assets/videos/ad/mhxy-xianzugongzhu_008.ts,https://media.jazimportfolio.com/assets/videos/ad/mhxy-xianzugongzhu_008.ts
public/assets/videos/ad/mhxy-xumihai-kongbunanhu.m3u8,ad/mhxy-xumihai-kongbunanhu.m3u8,.m3u8,613,,,,assets/videos/ad/mhxy-xumihai-kongbunanhu.m3u8,https://media.jazimportfolio.com/assets/videos/ad/mhxy-xumihai-kongbunanhu.m3u8
public/assets/videos/ad/mhxy-xumihai-kongbunanhu_000.ts,ad/mhxy-xumihai-kongbunanhu_000.ts,.ts,6492016,5fc13aac3d84ff1a85240e25df969a61cd6952e0460f539f443b820eb6b98ba6,ad/mhxy-xumihai-kongbunanhu.m3u8,mhxy-xumihai-kongbunanhu_000.ts,assets/videos/ad/mhxy-xumihai-kongbunanhu_000.ts,https://media.jazimportfolio.com/assets/videos/ad/mhxy-xumihai-kongbunanhu_000.ts
public/assets/videos/ad/mhxy-xumihai-kongbunanhu_001.ts,ad/mhxy-xumihai-kongbunanhu_001.ts,.ts,3695892,416b94b3a01c7aa35f1ceff133565af906d95bd9f9f13d92927348e61ee62746,ad/mhxy-xumihai-kongbunanhu.m3u8,mhxy-xumihai-kongbunanhu_001.ts,assets/videos/ad/mhxy-xumihai-kongbunanhu_001.ts,https://media.jazimportfolio.com/assets/videos/ad/mhxy-xumihai-kongbunanhu_001.ts
public/assets/videos/ad/mhxy-xumihai-kongbunanhu_002.ts,ad/mhxy-xumihai-kongbunanhu_002.ts,.ts,4141076,908bb0167467f08589b39b18fa75f23b552bd15caeb01fbb08ef7ffd85a65b20,ad/mhxy-xumihai-kongbunanhu.m3u8,mhxy-xumihai-kongbunanhu_002.ts,assets/videos/ad/mhxy-xumihai-kongbunanhu_002.ts,https://media.jazimportfolio.com/assets/videos/ad/mhxy-xumihai-kongbunanhu_002.ts
public/assets/videos/ad/mhxy-xumihai-kongbunanhu_003.ts,ad/mhxy-xumihai-kongbunanhu_003.ts,.ts,2876588,5fcafbc87babff8754f1577b99017bd8c26711fc9e9997067bb52b2e838ec556,ad/mhxy-xumihai-kongbunanhu.m3u8,mhxy-xumihai-kongbunanhu_003.ts,assets/videos/ad/mhxy-xumihai-kongbunanhu_003.ts,https://media.jazimportfolio.com/assets/videos/ad/mhxy-xumihai-kongbunanhu_003.ts
public/assets/videos/ad/mhxy-xumihai-kongbunanhu_004.ts,ad/mhxy-xumihai-kongbunanhu_004.ts,.ts,1059568,e157e1c517fbe66fbc7ba0fb10ab52a9372ea48f88e2b4eaf70c73eefc0b19b0,ad/mhxy-xumihai-kongbunanhu.m3u8,mhxy-xumihai-kongbunanhu_004.ts,assets/videos/ad/mhxy-xumihai-kongbunanhu_004.ts,https://media.jazimportfolio.com/assets/videos/ad/mhxy-xumihai-kongbunanhu_004.ts
public/assets/videos/ad/mhxy-xumihai-kongbunanhu_005.ts,ad/mhxy-xumihai-kongbunanhu_005.ts,.ts,1553632,5cf2fd362700ed502fff175bdbb12d85ab56bbf68ea27b127e7668cf8a24dff1,ad/mhxy-xumihai-kongbunanhu.m3u8,mhxy-xumihai-kongbunanhu_005.ts,assets/videos/ad/mhxy-xumihai-kongbunanhu_005.ts,https://media.jazimportfolio.com/assets/videos/ad/mhxy-xumihai-kongbunanhu_005.ts
public/assets/videos/ad/mhxy-xumihai-kongbunanhu_006.ts,ad/mhxy-xumihai-kongbunanhu_006.ts,.ts,4109116,a2c4b8ea0681299c19e2817c4215791f3c8ea5dd1adc95c76910317a395a24c1,ad/mhxy-xumihai-kongbunanhu.m3u8,mhxy-xumihai-kongbunanhu_006.ts,assets/videos/ad/mhxy-xumihai-kongbunanhu_006.ts,https://media.jazimportfolio.com/assets/videos/ad/mhxy-xumihai-kongbunanhu_006.ts
public/assets/videos/ad/mhxy-xumihai-kongbunanhu_007.ts,ad/mhxy-xumihai-kongbunanhu_007.ts,.ts,1124992,131c4ae15a866bb3241d897573ed2cc5fa16292f32609bd93a4a1500e65f5fd7,ad/mhxy-xumihai-kongbunanhu.m3u8,mhxy-xumihai-kongbunanhu_007.ts,assets/videos/ad/mhxy-xumihai-kongbunanhu_007.ts,https://media.jazimportfolio.com/assets/videos/ad/mhxy-xumihai-kongbunanhu_007.ts
public/assets/videos/ad/mhxy-xumihai-kongbunanhu_008.ts,ad/mhxy-xumihai-kongbunanhu_008.ts,.ts,2036228,a9a0904915ab6264415ce43d7b4a15785fe3931d1dcba03401a4300ac533568d,ad/mhxy-xumihai-kongbunanhu.m3u8,mhxy-xumihai-kongbunanhu_008.ts,assets/videos/ad/mhxy-xumihai-kongbunanhu_008.ts,https://media.jazimportfolio.com/assets/videos/ad/mhxy-xumihai-kongbunanhu_008.ts
public/assets/videos/ad/mhxy-xumihai-kongbunanhu_009.ts,ad/mhxy-xumihai-kongbunanhu_009.ts,.ts,5691888,306ef847c9872e6a1953674d5b78a288166d2c30888f03e414fa3e8970f1d5f5,ad/mhxy-xumihai-kongbunanhu.m3u8,mhxy-xumihai-kongbunanhu_009.ts,assets/videos/ad/mhxy-xumihai-kongbunanhu_009.ts,https://media.jazimportfolio.com/assets/videos/ad/mhxy-xumihai-kongbunanhu_009.ts
public/assets/videos/ad/nsh-zhenbuxianghua.m3u8,ad/nsh-zhenbuxianghua.m3u8,.m3u8,553,,,,assets/videos/ad/nsh-zhenbuxianghua.m3u8,https://media.jazimportfolio.com/assets/videos/ad/nsh-zhenbuxianghua.m3u8
public/assets/videos/ad/nsh-zhenbuxianghua_000.ts,ad/nsh-zhenbuxianghua_000.ts,.ts,1744452,808b9665c08f64478ed6ab4e02057aff73fe5fd697c2496ae6785f5eb28bcd18,ad/nsh-zhenbuxianghua.m3u8,nsh-zhenbuxianghua_000.ts,assets/videos/ad/nsh-zhenbuxianghua_000.ts,https://media.jazimportfolio.com/assets/videos/ad/nsh-zhenbuxianghua_000.ts
public/assets/videos/ad/nsh-zhenbuxianghua_001.ts,ad/nsh-zhenbuxianghua_001.ts,.ts,1547804,1766dbd17ef2a783524dfbee7482f81564566f580612daa72bdf843930abd693,ad/nsh-zhenbuxianghua.m3u8,nsh-zhenbuxianghua_001.ts,assets/videos/ad/nsh-zhenbuxianghua_001.ts,https://media.jazimportfolio.com/assets/videos/ad/nsh-zhenbuxianghua_001.ts
public/assets/videos/ad/nsh-zhenbuxianghua_002.ts,ad/nsh-zhenbuxianghua_002.ts,.ts,4341860,6756bba14503cc0a013e6205d7eb540fb213b055b4a1bc5645ebcf05c88359dd,ad/nsh-zhenbuxianghua.m3u8,nsh-zhenbuxianghua_002.ts,assets/videos/ad/nsh-zhenbuxianghua_002.ts,https://media.jazimportfolio.com/assets/videos/ad/nsh-zhenbuxianghua_002.ts
public/assets/videos/ad/nsh-zhenbuxianghua_003.ts,ad/nsh-zhenbuxianghua_003.ts,.ts,1567544,7b440816616eb7d0b5025777cb715a8d6334c7aff293a4b7eb21cebb0ac232c2,ad/nsh-zhenbuxianghua.m3u8,nsh-zhenbuxianghua_003.ts,assets/videos/ad/nsh-zhenbuxianghua_003.ts,https://media.jazimportfolio.com/assets/videos/ad/nsh-zhenbuxianghua_003.ts
public/assets/videos/ad/nsh-zhenbuxianghua_004.ts,ad/nsh-zhenbuxianghua_004.ts,.ts,2112556,0260331b29e4febd68533b0f2be46747d9ac01e1bc5ec72343a584cf4a5b0634,ad/nsh-zhenbuxianghua.m3u8,nsh-zhenbuxianghua_004.ts,assets/videos/ad/nsh-zhenbuxianghua_004.ts,https://media.jazimportfolio.com/assets/videos/ad/nsh-zhenbuxianghua_004.ts
public/assets/videos/ad/nsh-zhenbuxianghua_005.ts,ad/nsh-zhenbuxianghua_005.ts,.ts,6265852,327efdb1fee724b60dfeace2534c156eff1d1713580710362c78f65da57c843a,ad/nsh-zhenbuxianghua.m3u8,nsh-zhenbuxianghua_005.ts,assets/videos/ad/nsh-zhenbuxianghua_005.ts,https://media.jazimportfolio.com/assets/videos/ad/nsh-zhenbuxianghua_005.ts
public/assets/videos/ad/nsh-zhenbuxianghua_006.ts,ad/nsh-zhenbuxianghua_006.ts,.ts,3092224,c1346f07e04bf7ba328cfa93fa34b64e4e205dfb337584b888b839b392f5403d,ad/nsh-zhenbuxianghua.m3u8,nsh-zhenbuxianghua_006.ts,assets/videos/ad/nsh-zhenbuxianghua_006.ts,https://media.jazimportfolio.com/assets/videos/ad/nsh-zhenbuxianghua_006.ts
public/assets/videos/ad/nsh-zhenbuxianghua_007.ts,ad/nsh-zhenbuxianghua_007.ts,.ts,2953668,f1053e47fe1592bbeefe8978bb33ebada6a255ab8706e5f38ff15a28959f75ca,ad/nsh-zhenbuxianghua.m3u8,nsh-zhenbuxianghua_007.ts,assets/videos/ad/nsh-zhenbuxianghua_007.ts,https://media.jazimportfolio.com/assets/videos/ad/nsh-zhenbuxianghua_007.ts
public/assets/videos/ad/nsh-zhenbuxianghua_008.ts,ad/nsh-zhenbuxianghua_008.ts,.ts,4237332,20595f450b9879eb57881ac03ec287fd16b1806f878e50a4afbe40716cc3a88c,ad/nsh-zhenbuxianghua.m3u8,nsh-zhenbuxianghua_008.ts,assets/videos/ad/nsh-zhenbuxianghua_008.ts,https://media.jazimportfolio.com/assets/videos/ad/nsh-zhenbuxianghua_008.ts
public/assets/videos/ad/nsh-zhenbuxianghua_009.ts,ad/nsh-zhenbuxianghua_009.ts,.ts,2781460,8d973a7e753ad5a72fd0013340445bf7a1dcc3150f70891316aa47d5bc263a0e,ad/nsh-zhenbuxianghua.m3u8,nsh-zhenbuxianghua_009.ts,assets/videos/ad/nsh-zhenbuxianghua_009.ts,https://media.jazimportfolio.com/assets/videos/ad/nsh-zhenbuxianghua_009.ts
public/assets/videos/ad/peak-speed-duanwei.m3u8,ad/peak-speed-duanwei.m3u8,.m3u8,292,,,,assets/videos/ad/peak-speed-duanwei.m3u8,https://media.jazimportfolio.com/assets/videos/ad/peak-speed-duanwei.m3u8
public/assets/videos/ad/peak-speed-duanwei_000.ts,ad/peak-speed-duanwei_000.ts,.ts,4152544,2785dcb6f47c7d4e308997dfdba90e107032546ee3809d6158a79cbb35e45268,ad/peak-speed-duanwei.m3u8,peak-speed-duanwei_000.ts,assets/videos/ad/peak-speed-duanwei_000.ts,https://media.jazimportfolio.com/assets/videos/ad/peak-speed-duanwei_000.ts
public/assets/videos/ad/peak-speed-duanwei_001.ts,ad/peak-speed-duanwei_001.ts,.ts,5437712,cd0f23defc2364502e79deef2b343d563db48672a2cbffed1be6795c8000a547,ad/peak-speed-duanwei.m3u8,peak-speed-duanwei_001.ts,assets/videos/ad/peak-speed-duanwei_001.ts,https://media.jazimportfolio.com/assets/videos/ad/peak-speed-duanwei_001.ts
public/assets/videos/ad/peak-speed-duanwei_002.ts,ad/peak-speed-duanwei_002.ts,.ts,3046164,02437668e8754e37acac8dbcce4788019b8dc25bc489ac571e1e27ad678ed89c,ad/peak-speed-duanwei.m3u8,peak-speed-duanwei_002.ts,assets/videos/ad/peak-speed-duanwei_002.ts,https://media.jazimportfolio.com/assets/videos/ad/peak-speed-duanwei_002.ts
public/assets/videos/ad/peak-speed-duanwei_003.ts,ad/peak-speed-duanwei_003.ts,.ts,3587980,5211c0bfb954f2811439afccdb8244e0376b7f79f37cb263225f795dcf273397,ad/peak-speed-duanwei.m3u8,peak-speed-duanwei_003.ts,assets/videos/ad/peak-speed-duanwei_003.ts,https://media.jazimportfolio.com/assets/videos/ad/peak-speed-duanwei_003.ts
public/assets/videos/ad/peak-speed-gongce-fuli.m3u8,ad/peak-speed-gongce-fuli.m3u8,.m3u8,401,,,,assets/videos/ad/peak-speed-gongce-fuli.m3u8,https://media.jazimportfolio.com/assets/videos/ad/peak-speed-gongce-fuli.m3u8
public/assets/videos/ad/peak-speed-gongce-fuli_000.ts,ad/peak-speed-gongce-fuli_000.ts,.ts,1911020,e96bdf60477e1f42d1f87dc6beda7b039efcfb732fc102622ed374f07bcc2ca1,ad/peak-speed-gongce-fuli.m3u8,peak-speed-gongce-fuli_000.ts,assets/videos/ad/peak-speed-gongce-fuli_000.ts,https://media.jazimportfolio.com/assets/videos/ad/peak-speed-gongce-fuli_000.ts
public/assets/videos/ad/peak-speed-gongce-fuli_001.ts,ad/peak-speed-gongce-fuli_001.ts,.ts,9431208,b070f373eb025c9cec92c7da1b197c7813bf22747febe70cffc28c1853eca573,ad/peak-speed-gongce-fuli.m3u8,peak-speed-gongce-fuli_001.ts,assets/videos/ad/peak-speed-gongce-fuli_001.ts,https://media.jazimportfolio.com/assets/videos/ad/peak-speed-gongce-fuli_001.ts
public/assets/videos/ad/peak-speed-gongce-fuli_002.ts,ad/peak-speed-gongce-fuli_002.ts,.ts,2352256,2194c8264534cedeaacf2b31074f32487b34f23c836e682348a5d11fa4ba48a8,ad/peak-speed-gongce-fuli.m3u8,peak-speed-gongce-fuli_002.ts,assets/videos/ad/peak-speed-gongce-fuli_002.ts,https://media.jazimportfolio.com/assets/videos/ad/peak-speed-gongce-fuli_002.ts
public/assets/videos/ad/peak-speed-gongce-fuli_003.ts,ad/peak-speed-gongce-fuli_003.ts,.ts,3452808,884817e88947f7f9e88836002864e868deadbdeb570f4a6d8ef95c3589909dcf,ad/peak-speed-gongce-fuli.m3u8,peak-speed-gongce-fuli_003.ts,assets/videos/ad/peak-speed-gongce-fuli_003.ts,https://media.jazimportfolio.com/assets/videos/ad/peak-speed-gongce-fuli_003.ts
public/assets/videos/ad/peak-speed-gongce-fuli_004.ts,ad/peak-speed-gongce-fuli_004.ts,.ts,646344,3b71c5aca0e752f89d68be4d58583908ab8327426beeb8d9c5a4272b3d376247,ad/peak-speed-gongce-fuli.m3u8,peak-speed-gongce-fuli_004.ts,assets/videos/ad/peak-speed-gongce-fuli_004.ts,https://media.jazimportfolio.com/assets/videos/ad/peak-speed-gongce-fuli_004.ts
public/assets/videos/ad/peak-speed-gongce-fuli_005.ts,ad/peak-speed-gongce-fuli_005.ts,.ts,3620504,7a85c262924ce3adff627d6c5e9ce26ccba2a2eb0bb4228555a5d2cc268e04d4,ad/peak-speed-gongce-fuli.m3u8,peak-speed-gongce-fuli_005.ts,assets/videos/ad/peak-speed-gongce-fuli_005.ts,https://media.jazimportfolio.com/assets/videos/ad/peak-speed-gongce-fuli_005.ts
public/assets/videos/ad/sanqi-character-mix.m3u8,ad/sanqi-character-mix.m3u8,.m3u8,473,,,,assets/videos/ad/sanqi-character-mix.m3u8,https://media.jazimportfolio.com/assets/videos/ad/sanqi-character-mix.m3u8
public/assets/videos/ad/sanqi-character-mix_000.ts,ad/sanqi-character-mix_000.ts,.ts,1646692,5fd6eb4264afdfdb5af008eca821d4ff98323cbfbf0b8b4d23a3d4b7213726e4,ad/sanqi-character-mix.m3u8,sanqi-character-mix_000.ts,assets/videos/ad/sanqi-character-mix_000.ts,https://media.jazimportfolio.com/assets/videos/ad/sanqi-character-mix_000.ts
public/assets/videos/ad/sanqi-character-mix_001.ts,ad/sanqi-character-mix_001.ts,.ts,1841460,f458a13d1aa7eb0da53139f991830b819ea820fe4a45670aa5417b0dad67dd6a,ad/sanqi-character-mix.m3u8,sanqi-character-mix_001.ts,assets/videos/ad/sanqi-character-mix_001.ts,https://media.jazimportfolio.com/assets/videos/ad/sanqi-character-mix_001.ts
public/assets/videos/ad/sanqi-character-mix_002.ts,ad/sanqi-character-mix_002.ts,.ts,915560,74568ee3d95cdea99c3803b71ad12f9393f6f49d508c52c5fb8ef56a007658c5,ad/sanqi-character-mix.m3u8,sanqi-character-mix_002.ts,assets/videos/ad/sanqi-character-mix_002.ts,https://media.jazimportfolio.com/assets/videos/ad/sanqi-character-mix_002.ts
public/assets/videos/ad/sanqi-character-mix_003.ts,ad/sanqi-character-mix_003.ts,.ts,1829804,e687f6d1e5ff84252dea5e0f184afcb3ffbd259e95a65d182e9a92554b70cf56,ad/sanqi-character-mix.m3u8,sanqi-character-mix_003.ts,assets/videos/ad/sanqi-character-mix_003.ts,https://media.jazimportfolio.com/assets/videos/ad/sanqi-character-mix_003.ts
public/assets/videos/ad/sanqi-character-mix_004.ts,ad/sanqi-character-mix_004.ts,.ts,1867968,050f80454d1138cd07d01b73407c3436641e9f807abaaebee3c692e77b37e98f,ad/sanqi-character-mix.m3u8,sanqi-character-mix_004.ts,assets/videos/ad/sanqi-character-mix_004.ts,https://media.jazimportfolio.com/assets/videos/ad/sanqi-character-mix_004.ts
public/assets/videos/ad/sanqi-character-mix_005.ts,ad/sanqi-character-mix_005.ts,.ts,926840,29591c7e7b8e60d36bed7636ffdec7aa46e233cd0d9374ef2fa766dca19509c4,ad/sanqi-character-mix.m3u8,sanqi-character-mix_005.ts,assets/videos/ad/sanqi-character-mix_005.ts,https://media.jazimportfolio.com/assets/videos/ad/sanqi-character-mix_005.ts
public/assets/videos/ad/sanqi-character-mix_006.ts,ad/sanqi-character-mix_006.ts,.ts,2669036,3ff886ee8a7ccba8c71a47c8a8f7f30321d5102cd8fa16b5b6f906f8ce63fb10,ad/sanqi-character-mix.m3u8,sanqi-character-mix_006.ts,assets/videos/ad/sanqi-character-mix_006.ts,https://media.jazimportfolio.com/assets/videos/ad/sanqi-character-mix_006.ts
public/assets/videos/ad/sanqi-character-mix_007.ts,ad/sanqi-character-mix_007.ts,.ts,1084572,1393e0933416c22fda8dbee32c36521904ea06063b9b45c7ac6bc57a13fa5a72,ad/sanqi-character-mix.m3u8,sanqi-character-mix_007.ts,assets/videos/ad/sanqi-character-mix_007.ts,https://media.jazimportfolio.com/assets/videos/ad/sanqi-character-mix_007.ts
public/assets/videos/ad/sjqy-fire-gun-battle.m3u8,ad/sjqy-fire-gun-battle.m3u8,.m3u8,573,,,,assets/videos/ad/sjqy-fire-gun-battle.m3u8,https://media.jazimportfolio.com/assets/videos/ad/sjqy-fire-gun-battle.m3u8
public/assets/videos/ad/sjqy-fire-gun-battle_000.ts,ad/sjqy-fire-gun-battle_000.ts,.ts,8547232,b775585922ed61069d311d04ee5352bda05ea0867cd2991fd2c9d4d602c7fb0c,ad/sjqy-fire-gun-battle.m3u8,sjqy-fire-gun-battle_000.ts,assets/videos/ad/sjqy-fire-gun-battle_000.ts,https://media.jazimportfolio.com/assets/videos/ad/sjqy-fire-gun-battle_000.ts
public/assets/videos/ad/sjqy-fire-gun-battle_001.ts,ad/sjqy-fire-gun-battle_001.ts,.ts,1326340,7a144c7ffec3c5a60bfdcbd4b3c6bcaee526284685c0be4ba07139301d12af6d,ad/sjqy-fire-gun-battle.m3u8,sjqy-fire-gun-battle_001.ts,assets/videos/ad/sjqy-fire-gun-battle_001.ts,https://media.jazimportfolio.com/assets/videos/ad/sjqy-fire-gun-battle_001.ts
public/assets/videos/ad/sjqy-fire-gun-battle_002.ts,ad/sjqy-fire-gun-battle_002.ts,.ts,4546592,efa2fa578a61b6c3f0c5489b3a3ce38dc7d615384c586acd5b3c62e6a5a01b83,ad/sjqy-fire-gun-battle.m3u8,sjqy-fire-gun-battle_002.ts,assets/videos/ad/sjqy-fire-gun-battle_002.ts,https://media.jazimportfolio.com/assets/videos/ad/sjqy-fire-gun-battle_002.ts
public/assets/videos/ad/sjqy-fire-gun-battle_003.ts,ad/sjqy-fire-gun-battle_003.ts,.ts,918192,638f26a0a617c057744867ea044b8a475d5293b1fe5bc8687ffd3fb7d842c5a3,ad/sjqy-fire-gun-battle.m3u8,sjqy-fire-gun-battle_003.ts,assets/videos/ad/sjqy-fire-gun-battle_003.ts,https://media.jazimportfolio.com/assets/videos/ad/sjqy-fire-gun-battle_003.ts
public/assets/videos/ad/sjqy-fire-gun-battle_004.ts,ad/sjqy-fire-gun-battle_004.ts,.ts,1682224,79ca70a26681fb6c01c719b91e56cbbbaba15462524c0a297756bac83a27a732,ad/sjqy-fire-gun-battle.m3u8,sjqy-fire-gun-battle_004.ts,assets/videos/ad/sjqy-fire-gun-battle_004.ts,https://media.jazimportfolio.com/assets/videos/ad/sjqy-fire-gun-battle_004.ts
public/assets/videos/ad/sjqy-fire-gun-battle_005.ts,ad/sjqy-fire-gun-battle_005.ts,.ts,3558840,af22e9c833e6ce6e6995589de7354f117b34cd2bb135e160c84703f5a35f3be9,ad/sjqy-fire-gun-battle.m3u8,sjqy-fire-gun-battle_005.ts,assets/videos/ad/sjqy-fire-gun-battle_005.ts,https://media.jazimportfolio.com/assets/videos/ad/sjqy-fire-gun-battle_005.ts
public/assets/videos/ad/sjqy-fire-gun-battle_006.ts,ad/sjqy-fire-gun-battle_006.ts,.ts,3869604,8d295b18e7d5a3266a32167712e43edf92fbd89a5ce47b4868125ce60f1431a1,ad/sjqy-fire-gun-battle.m3u8,sjqy-fire-gun-battle_006.ts,assets/videos/ad/sjqy-fire-gun-battle_006.ts,https://media.jazimportfolio.com/assets/videos/ad/sjqy-fire-gun-battle_006.ts
public/assets/videos/ad/sjqy-fire-gun-battle_007.ts,ad/sjqy-fire-gun-battle_007.ts,.ts,1075736,865fe28fd14a8a83980f8c0481511d7f39b4f0007c120fcaba2dd842eec598e1,ad/sjqy-fire-gun-battle.m3u8,sjqy-fire-gun-battle_007.ts,assets/videos/ad/sjqy-fire-gun-battle_007.ts,https://media.jazimportfolio.com/assets/videos/ad/sjqy-fire-gun-battle_007.ts
public/assets/videos/ad/sjqy-fire-gun-battle_008.ts,ad/sjqy-fire-gun-battle_008.ts,.ts,1344200,96f71973dc08c59b85373daeaad0b516ebe697dee968f2d824afd74ccd75dfef,ad/sjqy-fire-gun-battle.m3u8,sjqy-fire-gun-battle_008.ts,assets/videos/ad/sjqy-fire-gun-battle_008.ts,https://media.jazimportfolio.com/assets/videos/ad/sjqy-fire-gun-battle_008.ts
public/assets/videos/ad/sjqy-fire-gun-battle_009.ts,ad/sjqy-fire-gun-battle_009.ts,.ts,1418648,d2285781a2d21f2f906fd7a7a83dabcfb271362626107a6700fb1d0d7b33005e,ad/sjqy-fire-gun-battle.m3u8,sjqy-fire-gun-battle_009.ts,assets/videos/ad/sjqy-fire-gun-battle_009.ts,https://media.jazimportfolio.com/assets/videos/ad/sjqy-fire-gun-battle_009.ts
public/assets/videos/ad/sjqy-hardcore-vehicle.m3u8,ad/sjqy-hardcore-vehicle.m3u8,.m3u8,442,,,,assets/videos/ad/sjqy-hardcore-vehicle.m3u8,https://media.jazimportfolio.com/assets/videos/ad/sjqy-hardcore-vehicle.m3u8
public/assets/videos/ad/sjqy-hardcore-vehicle_000.ts,ad/sjqy-hardcore-vehicle_000.ts,.ts,2474832,6df658d965547004d9de1185ec5fa2464200e89e4063f4a27b07d490f94db736,ad/sjqy-hardcore-vehicle.m3u8,sjqy-hardcore-vehicle_000.ts,assets/videos/ad/sjqy-hardcore-vehicle_000.ts,https://media.jazimportfolio.com/assets/videos/ad/sjqy-hardcore-vehicle_000.ts
public/assets/videos/ad/sjqy-hardcore-vehicle_001.ts,ad/sjqy-hardcore-vehicle_001.ts,.ts,2758524,68bcfd15c6a0602905f1a1975fe2f1efbd67f2f13b70fcf09874c6afd547ea15,ad/sjqy-hardcore-vehicle.m3u8,sjqy-hardcore-vehicle_001.ts,assets/videos/ad/sjqy-hardcore-vehicle_001.ts,https://media.jazimportfolio.com/assets/videos/ad/sjqy-hardcore-vehicle_001.ts
public/assets/videos/ad/sjqy-hardcore-vehicle_002.ts,ad/sjqy-hardcore-vehicle_002.ts,.ts,1259976,b0c1e1e60010baf16498e46a710906acc9cdc396b7b92021dffee23914f88343,ad/sjqy-hardcore-vehicle.m3u8,sjqy-hardcore-vehicle_002.ts,assets/videos/ad/sjqy-hardcore-vehicle_002.ts,https://media.jazimportfolio.com/assets/videos/ad/sjqy-hardcore-vehicle_002.ts
public/assets/videos/ad/sjqy-hardcore-vehicle_003.ts,ad/sjqy-hardcore-vehicle_003.ts,.ts,4732148,623b3c7d3eed3aa47a5e3eef47f5c8181b2c5c6b78ffb2230b66f001cd012aaa,ad/sjqy-hardcore-vehicle.m3u8,sjqy-hardcore-vehicle_003.ts,assets/videos/ad/sjqy-hardcore-vehicle_003.ts,https://media.jazimportfolio.com/assets/videos/ad/sjqy-hardcore-vehicle_003.ts
public/assets/videos/ad/sjqy-hardcore-vehicle_004.ts,ad/sjqy-hardcore-vehicle_004.ts,.ts,3087336,a8c22a1ac2624f8a47d46f7dfc5923e880790c95d8ea1660449ab04a0ec0d189,ad/sjqy-hardcore-vehicle.m3u8,sjqy-hardcore-vehicle_004.ts,assets/videos/ad/sjqy-hardcore-vehicle_004.ts,https://media.jazimportfolio.com/assets/videos/ad/sjqy-hardcore-vehicle_004.ts
public/assets/videos/ad/sjqy-hardcore-vehicle_005.ts,ad/sjqy-hardcore-vehicle_005.ts,.ts,2089432,9d31c03a7c63adbbf4a4ff7d8b8354ed86603926f99fcca163a99b29bbd2dfcd,ad/sjqy-hardcore-vehicle.m3u8,sjqy-hardcore-vehicle_005.ts,assets/videos/ad/sjqy-hardcore-vehicle_005.ts,https://media.jazimportfolio.com/assets/videos/ad/sjqy-hardcore-vehicle_005.ts
public/assets/videos/ad/sjqy-hardcore-vehicle_006.ts,ad/sjqy-hardcore-vehicle_006.ts,.ts,1583336,60100ddb98022d727bff3fb192e552b64cb7591953dcead757dbcd76189673dd,ad/sjqy-hardcore-vehicle.m3u8,sjqy-hardcore-vehicle_006.ts,assets/videos/ad/sjqy-hardcore-vehicle_006.ts,https://media.jazimportfolio.com/assets/videos/ad/sjqy-hardcore-vehicle_006.ts
public/assets/videos/ad/slzh-2023-year-review.m3u8,ad/slzh-2023-year-review.m3u8,.m3u8,677,,,,assets/videos/ad/slzh-2023-year-review.m3u8,https://media.jazimportfolio.com/assets/videos/ad/slzh-2023-year-review.m3u8
public/assets/videos/ad/slzh-2023-year-review_000.ts,ad/slzh-2023-year-review_000.ts,.ts,2749124,307c76193f519c8b7628dc8291cf66bfa7921ab8c44511a421f544c763016b4d,ad/slzh-2023-year-review.m3u8,slzh-2023-year-review_000.ts,assets/videos/ad/slzh-2023-year-review_000.ts,https://media.jazimportfolio.com/assets/videos/ad/slzh-2023-year-review_000.ts
public/assets/videos/ad/slzh-2023-year-review_001.ts,ad/slzh-2023-year-review_001.ts,.ts,1764380,bcf3acef7b6c64fa5f63aed61b2cfa2fa6cfce75f874ed46d5691218ab7daebc,ad/slzh-2023-year-review.m3u8,slzh-2023-year-review_001.ts,assets/videos/ad/slzh-2023-year-review_001.ts,https://media.jazimportfolio.com/assets/videos/ad/slzh-2023-year-review_001.ts
public/assets/videos/ad/slzh-2023-year-review_002.ts,ad/slzh-2023-year-review_002.ts,.ts,2022692,5dd7bffaaf70188840335dfeeb8cf580795322f0e8b603f20d84b92fd6747e12,ad/slzh-2023-year-review.m3u8,slzh-2023-year-review_002.ts,assets/videos/ad/slzh-2023-year-review_002.ts,https://media.jazimportfolio.com/assets/videos/ad/slzh-2023-year-review_002.ts
public/assets/videos/ad/slzh-2023-year-review_003.ts,ad/slzh-2023-year-review_003.ts,.ts,3177012,879da39f5ab96d4765065136ccfe5ded0e6ad56aff4d5db757315fba81fb32f0,ad/slzh-2023-year-review.m3u8,slzh-2023-year-review_003.ts,assets/videos/ad/slzh-2023-year-review_003.ts,https://media.jazimportfolio.com/assets/videos/ad/slzh-2023-year-review_003.ts
public/assets/videos/ad/slzh-2023-year-review_004.ts,ad/slzh-2023-year-review_004.ts,.ts,700300,b2a5154288abee9fdee65b9a796f5ae071d874d503911beb78b51139ec8ae8ab,ad/slzh-2023-year-review.m3u8,slzh-2023-year-review_004.ts,assets/videos/ad/slzh-2023-year-review_004.ts,https://media.jazimportfolio.com/assets/videos/ad/slzh-2023-year-review_004.ts
public/assets/videos/ad/slzh-2023-year-review_005.ts,ad/slzh-2023-year-review_005.ts,.ts,4353516,22abdc79663195c5cf54ff047c732b3b8505cc6bc723ae14246642d76a81b948,ad/slzh-2023-year-review.m3u8,slzh-2023-year-review_005.ts,assets/videos/ad/slzh-2023-year-review_005.ts,https://media.jazimportfolio.com/assets/videos/ad/slzh-2023-year-review_005.ts
public/assets/videos/ad/slzh-2023-year-review_006.ts,ad/slzh-2023-year-review_006.ts,.ts,1936400,af72d18d303b41980d38a4b12d854d225f1db1b245ff99cd906039ad7556eabb,ad/slzh-2023-year-review.m3u8,slzh-2023-year-review_006.ts,assets/videos/ad/slzh-2023-year-review_006.ts,https://media.jazimportfolio.com/assets/videos/ad/slzh-2023-year-review_006.ts
public/assets/videos/ad/slzh-2023-year-review_007.ts,ad/slzh-2023-year-review_007.ts,.ts,547832,11bcce34f2341868223d2d7002c1d4d4a8c7ec930429c7eb6c2e350034e52fbe,ad/slzh-2023-year-review.m3u8,slzh-2023-year-review_007.ts,assets/videos/ad/slzh-2023-year-review_007.ts,https://media.jazimportfolio.com/assets/videos/ad/slzh-2023-year-review_007.ts
public/assets/videos/ad/slzh-2023-year-review_008.ts,ad/slzh-2023-year-review_008.ts,.ts,2784280,cc507636307e89c1333e29fd18e7dcf29e339ba2125cd96eff9592e0368b31e8,ad/slzh-2023-year-review.m3u8,slzh-2023-year-review_008.ts,assets/videos/ad/slzh-2023-year-review_008.ts,https://media.jazimportfolio.com/assets/videos/ad/slzh-2023-year-review_008.ts
public/assets/videos/ad/slzh-2023-year-review_009.ts,ad/slzh-2023-year-review_009.ts,.ts,3921680,c3d93c2dcd9b2151664f03218d5c7b7af84afed5f660374511ac38702a3210bc,ad/slzh-2023-year-review.m3u8,slzh-2023-year-review_009.ts,assets/videos/ad/slzh-2023-year-review_009.ts,https://media.jazimportfolio.com/assets/videos/ad/slzh-2023-year-review_009.ts
public/assets/videos/ad/slzh-2023-year-review_010.ts,ad/slzh-2023-year-review_010.ts,.ts,839984,4f982295c4d15eafea844eef11ed1afbd892f3c5ae135b69605801815ec0d890,ad/slzh-2023-year-review.m3u8,slzh-2023-year-review_010.ts,assets/videos/ad/slzh-2023-year-review_010.ts,https://media.jazimportfolio.com/assets/videos/ad/slzh-2023-year-review_010.ts
public/assets/videos/ad/slzh-2023-year-review_011.ts,ad/slzh-2023-year-review_011.ts,.ts,2890500,572e6dca5228922b768f7ba57fbc2d9846ef305fe617b2ae2fd93fd37364ee17,ad/slzh-2023-year-review.m3u8,slzh-2023-year-review_011.ts,assets/videos/ad/slzh-2023-year-review_011.ts,https://media.jazimportfolio.com/assets/videos/ad/slzh-2023-year-review_011.ts
public/assets/videos/ad/slzh-airuhuo.m3u8,ad/slzh-airuhuo.m3u8,.m3u8,379,,,,assets/videos/ad/slzh-airuhuo.m3u8,https://media.jazimportfolio.com/assets/videos/ad/slzh-airuhuo.m3u8
public/assets/videos/ad/slzh-airuhuo_000.ts,ad/slzh-airuhuo_000.ts,.ts,6113572,32f0be13858f8dc92c5eb73ae13efb56abdd892193a36adcb44ab73b0377f75a,ad/slzh-airuhuo.m3u8,slzh-airuhuo_000.ts,assets/videos/ad/slzh-airuhuo_000.ts,https://media.jazimportfolio.com/assets/videos/ad/slzh-airuhuo_000.ts
public/assets/videos/ad/slzh-airuhuo_001.ts,ad/slzh-airuhuo_001.ts,.ts,881156,d0cb142a132beb5d549fe7a5bce26757969f3f08cfac32a20e1701fa25308b89,ad/slzh-airuhuo.m3u8,slzh-airuhuo_001.ts,assets/videos/ad/slzh-airuhuo_001.ts,https://media.jazimportfolio.com/assets/videos/ad/slzh-airuhuo_001.ts
public/assets/videos/ad/slzh-airuhuo_002.ts,ad/slzh-airuhuo_002.ts,.ts,1794272,bfd635d1b48ddf9384b7a7f20434c55d57aca7d2e82becb8d1d2e86d2a294031,ad/slzh-airuhuo.m3u8,slzh-airuhuo_002.ts,assets/videos/ad/slzh-airuhuo_002.ts,https://media.jazimportfolio.com/assets/videos/ad/slzh-airuhuo_002.ts
public/assets/videos/ad/slzh-airuhuo_003.ts,ad/slzh-airuhuo_003.ts,.ts,2713404,068ffe059d63c7241affd0259014c96b70a1c4e86a3c1a18fbf19a6c97feeb51,ad/slzh-airuhuo.m3u8,slzh-airuhuo_003.ts,assets/videos/ad/slzh-airuhuo_003.ts,https://media.jazimportfolio.com/assets/videos/ad/slzh-airuhuo_003.ts
public/assets/videos/ad/slzh-airuhuo_004.ts,ad/slzh-airuhuo_004.ts,.ts,1579952,4134b1a1938bc3252cd26b890b27cdeecc971322df28cb76a7ea55101f0168c3,ad/slzh-airuhuo.m3u8,slzh-airuhuo_004.ts,assets/videos/ad/slzh-airuhuo_004.ts,https://media.jazimportfolio.com/assets/videos/ad/slzh-airuhuo_004.ts
public/assets/videos/ad/slzh-airuhuo_005.ts,ad/slzh-airuhuo_005.ts,.ts,2227612,136915956ae658adc76d16047c8f19e728f80ecddc0ebe7c3c0548b14775bef2,ad/slzh-airuhuo.m3u8,slzh-airuhuo_005.ts,assets/videos/ad/slzh-airuhuo_005.ts,https://media.jazimportfolio.com/assets/videos/ad/slzh-airuhuo_005.ts
public/assets/videos/ad/slzh-airuhuo_006.ts,ad/slzh-airuhuo_006.ts,.ts,1876992,1e3be243e9ab314fe7702c5eb2179da447606ff17c0748f3d3d1e1ab8af47ff3,ad/slzh-airuhuo.m3u8,slzh-airuhuo_006.ts,assets/videos/ad/slzh-airuhuo_006.ts,https://media.jazimportfolio.com/assets/videos/ad/slzh-airuhuo_006.ts
public/assets/videos/ad/slzh-cengmoshou.m3u8,ad/slzh-cengmoshou.m3u8,.m3u8,523,,,,assets/videos/ad/slzh-cengmoshou.m3u8,https://media.jazimportfolio.com/assets/videos/ad/slzh-cengmoshou.m3u8
public/assets/videos/ad/slzh-cengmoshou_000.ts,ad/slzh-cengmoshou_000.ts,.ts,1208464,fca56ec955c25ea1b4621fb9b8df6508761f2f33f51dc88c83b1e2e1f02c58b5,ad/slzh-cengmoshou.m3u8,slzh-cengmoshou_000.ts,assets/videos/ad/slzh-cengmoshou_000.ts,https://media.jazimportfolio.com/assets/videos/ad/slzh-cengmoshou_000.ts
public/assets/videos/ad/slzh-cengmoshou_001.ts,ad/slzh-cengmoshou_001.ts,.ts,4264592,a446479e66b5e5e6f8a2a6901549e91ffadf1231d8a20239161c6862a8bbb4a1,ad/slzh-cengmoshou.m3u8,slzh-cengmoshou_001.ts,assets/videos/ad/slzh-cengmoshou_001.ts,https://media.jazimportfolio.com/assets/videos/ad/slzh-cengmoshou_001.ts
public/assets/videos/ad/slzh-cengmoshou_002.ts,ad/slzh-cengmoshou_002.ts,.ts,549900,bdc763d04d200d893f3e6290c66deab2b5c4c6034f20ae52e545e2c5ecaa08a4,ad/slzh-cengmoshou.m3u8,slzh-cengmoshou_002.ts,assets/videos/ad/slzh-cengmoshou_002.ts,https://media.jazimportfolio.com/assets/videos/ad/slzh-cengmoshou_002.ts
public/assets/videos/ad/slzh-cengmoshou_003.ts,ad/slzh-cengmoshou_003.ts,.ts,3268380,13df164b98a3f51d38b9312bb3fc95ca922cb348243ae9c68a5bdfdd722434b7,ad/slzh-cengmoshou.m3u8,slzh-cengmoshou_003.ts,assets/videos/ad/slzh-cengmoshou_003.ts,https://media.jazimportfolio.com/assets/videos/ad/slzh-cengmoshou_003.ts
public/assets/videos/ad/slzh-cengmoshou_004.ts,ad/slzh-cengmoshou_004.ts,.ts,1768704,02fe09be1a4d873f4006951b4fb1e089378b45b5bf4c9781c8048ffb4ed7a732,ad/slzh-cengmoshou.m3u8,slzh-cengmoshou_004.ts,assets/videos/ad/slzh-cengmoshou_004.ts,https://media.jazimportfolio.com/assets/videos/ad/slzh-cengmoshou_004.ts
public/assets/videos/ad/slzh-cengmoshou_005.ts,ad/slzh-cengmoshou_005.ts,.ts,1402480,7d179c6e9006c823a30da959fe5847bd2933f8ddda2ca825b433584a61606c9b,ad/slzh-cengmoshou.m3u8,slzh-cengmoshou_005.ts,assets/videos/ad/slzh-cengmoshou_005.ts,https://media.jazimportfolio.com/assets/videos/ad/slzh-cengmoshou_005.ts
public/assets/videos/ad/slzh-cengmoshou_006.ts,ad/slzh-cengmoshou_006.ts,.ts,1685796,426554b40ebde156324c2c7d41aedff9e8b971407c7b2476ac55ace3bf780385,ad/slzh-cengmoshou.m3u8,slzh-cengmoshou_006.ts,assets/videos/ad/slzh-cengmoshou_006.ts,https://media.jazimportfolio.com/assets/videos/ad/slzh-cengmoshou_006.ts
public/assets/videos/ad/slzh-cengmoshou_007.ts,ad/slzh-cengmoshou_007.ts,.ts,6728896,6cc791356d3f1f6ee1a379bf18c9ec150cafbbb14248a70faf7c44624b6a874e,ad/slzh-cengmoshou.m3u8,slzh-cengmoshou_007.ts,assets/videos/ad/slzh-cengmoshou_007.ts,https://media.jazimportfolio.com/assets/videos/ad/slzh-cengmoshou_007.ts
public/assets/videos/ad/slzh-cengmoshou_008.ts,ad/slzh-cengmoshou_008.ts,.ts,975720,88ed43ddd43a519d73690fd31e34064deed8e8b9d023f4769461a109d2c74040,ad/slzh-cengmoshou.m3u8,slzh-cengmoshou_008.ts,assets/videos/ad/slzh-cengmoshou_008.ts,https://media.jazimportfolio.com/assets/videos/ad/slzh-cengmoshou_008.ts
public/assets/videos/ad/slzh-cengmoshou_009.ts,ad/slzh-cengmoshou_009.ts,.ts,2526720,0aa8155590206fbc518049881455985e1068f5385ec218fab5874b8cf7c73a6d,ad/slzh-cengmoshou.m3u8,slzh-cengmoshou_009.ts,assets/videos/ad/slzh-cengmoshou_009.ts,https://media.jazimportfolio.com/assets/videos/ad/slzh-cengmoshou_009.ts
public/assets/videos/ad/slzh-dianshangluoji.m3u8,ad/slzh-dianshangluoji.m3u8,.m3u8,428,,,,assets/videos/ad/slzh-dianshangluoji.m3u8,https://media.jazimportfolio.com/assets/videos/ad/slzh-dianshangluoji.m3u8
public/assets/videos/ad/slzh-dianshangluoji_000.ts,ad/slzh-dianshangluoji_000.ts,.ts,2468816,75fe0dfa727bc98aff2e92a116729c706aa4e2d914ae3d7711b89d9cbedd7400,ad/slzh-dianshangluoji.m3u8,slzh-dianshangluoji_000.ts,assets/videos/ad/slzh-dianshangluoji_000.ts,https://media.jazimportfolio.com/assets/videos/ad/slzh-dianshangluoji_000.ts
public/assets/videos/ad/slzh-dianshangluoji_001.ts,ad/slzh-dianshangluoji_001.ts,.ts,579792,1e81f1106ee8f10efff85f3f18b8dd34fef0c294cc53f8d4be39eabc0b19837d,ad/slzh-dianshangluoji.m3u8,slzh-dianshangluoji_001.ts,assets/videos/ad/slzh-dianshangluoji_001.ts,https://media.jazimportfolio.com/assets/videos/ad/slzh-dianshangluoji_001.ts
public/assets/videos/ad/slzh-dianshangluoji_002.ts,ad/slzh-dianshangluoji_002.ts,.ts,1472040,a0cf38b1885c106213823b7695651d7182c7591aae40efc309968c3fbe9a70a8,ad/slzh-dianshangluoji.m3u8,slzh-dianshangluoji_002.ts,assets/videos/ad/slzh-dianshangluoji_002.ts,https://media.jazimportfolio.com/assets/videos/ad/slzh-dianshangluoji_002.ts
public/assets/videos/ad/slzh-dianshangluoji_003.ts,ad/slzh-dianshangluoji_003.ts,.ts,1274076,4fdcc2fdea1ed500cf518ca2551a9d7d31824c885ddd7a856b8a6c9354099edc,ad/slzh-dianshangluoji.m3u8,slzh-dianshangluoji_003.ts,assets/videos/ad/slzh-dianshangluoji_003.ts,https://media.jazimportfolio.com/assets/videos/ad/slzh-dianshangluoji_003.ts
public/assets/videos/ad/slzh-dianshangluoji_004.ts,ad/slzh-dianshangluoji_004.ts,.ts,936240,ee531bc69ce6d56d05fc4032a9b70a332a537c26aa8433867bc9f192c56d5b23,ad/slzh-dianshangluoji.m3u8,slzh-dianshangluoji_004.ts,assets/videos/ad/slzh-dianshangluoji_004.ts,https://media.jazimportfolio.com/assets/videos/ad/slzh-dianshangluoji_004.ts
public/assets/videos/ad/slzh-dianshangluoji_005.ts,ad/slzh-dianshangluoji_005.ts,.ts,3127756,e9c08d3b9e50915c3711090dd73fa8240bc6c0eb49b1fb7d151c3fb2727987bb,ad/slzh-dianshangluoji.m3u8,slzh-dianshangluoji_005.ts,assets/videos/ad/slzh-dianshangluoji_005.ts,https://media.jazimportfolio.com/assets/videos/ad/slzh-dianshangluoji_005.ts
public/assets/videos/ad/slzh-dianshangluoji_006.ts,ad/slzh-dianshangluoji_006.ts,.ts,2156736,84758bc385d54ccf6a374b9b83deafce80c7dac6c7f29bbbb5969634a1d6142c,ad/slzh-dianshangluoji.m3u8,slzh-dianshangluoji_006.ts,assets/videos/ad/slzh-dianshangluoji_006.ts,https://media.jazimportfolio.com/assets/videos/ad/slzh-dianshangluoji_006.ts
public/assets/videos/ad/slzh-gaixielishi.m3u8,ad/slzh-gaixielishi.m3u8,.m3u8,577,,,,assets/videos/ad/slzh-gaixielishi.m3u8,https://media.jazimportfolio.com/assets/videos/ad/slzh-gaixielishi.m3u8
public/assets/videos/ad/slzh-gaixielishi_000.ts,ad/slzh-gaixielishi_000.ts,.ts,1431996,4f798f470af671a2477c42d8db878e99ea60558ce95201c724e80edfbe220ea8,ad/slzh-gaixielishi.m3u8,slzh-gaixielishi_000.ts,assets/videos/ad/slzh-gaixielishi_000.ts,https://media.jazimportfolio.com/assets/videos/ad/slzh-gaixielishi_000.ts
public/assets/videos/ad/slzh-gaixielishi_001.ts,ad/slzh-gaixielishi_001.ts,.ts,2466560,7d9c1a1eb39a32a6c525f17fae4382cbbb610ea82918670442d5121c553813bd,ad/slzh-gaixielishi.m3u8,slzh-gaixielishi_001.ts,assets/videos/ad/slzh-gaixielishi_001.ts,https://media.jazimportfolio.com/assets/videos/ad/slzh-gaixielishi_001.ts
public/assets/videos/ad/slzh-gaixielishi_002.ts,ad/slzh-gaixielishi_002.ts,.ts,1966292,ac520e0e64aedb6fe2e696a3b22177817f3b48f64289b1429dd616d9489db7aa,ad/slzh-gaixielishi.m3u8,slzh-gaixielishi_002.ts,assets/videos/ad/slzh-gaixielishi_002.ts,https://media.jazimportfolio.com/assets/videos/ad/slzh-gaixielishi_002.ts
public/assets/videos/ad/slzh-gaixielishi_003.ts,ad/slzh-gaixielishi_003.ts,.ts,1832060,f8d0deeea1fcaedccf54f5952dfdaef873b619650b73c390e912e9ade24376e0,ad/slzh-gaixielishi.m3u8,slzh-gaixielishi_003.ts,assets/videos/ad/slzh-gaixielishi_003.ts,https://media.jazimportfolio.com/assets/videos/ad/slzh-gaixielishi_003.ts
public/assets/videos/ad/slzh-gaixielishi_004.ts,ad/slzh-gaixielishi_004.ts,.ts,1336680,b1f3ea0ba4ac779eb2333c5efb1f47bdea56ed67b283d0cbbafd0c17ee0e4cdb,ad/slzh-gaixielishi.m3u8,slzh-gaixielishi_004.ts,assets/videos/ad/slzh-gaixielishi_004.ts,https://media.jazimportfolio.com/assets/videos/ad/slzh-gaixielishi_004.ts
public/assets/videos/ad/slzh-gaixielishi_005.ts,ad/slzh-gaixielishi_005.ts,.ts,2970588,194e912fcb856a757bae5e74bc03decfde94145b34aef3b293c0399a93f210fa,ad/slzh-gaixielishi.m3u8,slzh-gaixielishi_005.ts,assets/videos/ad/slzh-gaixielishi_005.ts,https://media.jazimportfolio.com/assets/videos/ad/slzh-gaixielishi_005.ts
public/assets/videos/ad/slzh-gaixielishi_006.ts,ad/slzh-gaixielishi_006.ts,.ts,2468440,5193d3c04aaff853112a8852b3d05a1c06831f445480e00850551b0761fbaae6,ad/slzh-gaixielishi.m3u8,slzh-gaixielishi_006.ts,assets/videos/ad/slzh-gaixielishi_006.ts,https://media.jazimportfolio.com/assets/videos/ad/slzh-gaixielishi_006.ts
public/assets/videos/ad/slzh-gaixielishi_007.ts,ad/slzh-gaixielishi_007.ts,.ts,4852656,707fef583d42d4d3819e76b42565bca6f88f37012fb43d7ae6039bcd6d0612f0,ad/slzh-gaixielishi.m3u8,slzh-gaixielishi_007.ts,assets/videos/ad/slzh-gaixielishi_007.ts,https://media.jazimportfolio.com/assets/videos/ad/slzh-gaixielishi_007.ts
public/assets/videos/ad/slzh-gaixielishi_008.ts,ad/slzh-gaixielishi_008.ts,.ts,1669628,6c3ec03fb3296977a77a8a3a573e0064ca21fb9b3ee618f6aa1d4bddc6c7dd25,ad/slzh-gaixielishi.m3u8,slzh-gaixielishi_008.ts,assets/videos/ad/slzh-gaixielishi_008.ts,https://media.jazimportfolio.com/assets/videos/ad/slzh-gaixielishi_008.ts
public/assets/videos/ad/slzh-gaixielishi_009.ts,ad/slzh-gaixielishi_009.ts,.ts,1752160,367c90af168e66eb424f02c022c354016d54a3500c8cb70c82ffc9c6f2a43f03,ad/slzh-gaixielishi.m3u8,slzh-gaixielishi_009.ts,assets/videos/ad/slzh-gaixielishi_009.ts,https://media.jazimportfolio.com/assets/videos/ad/slzh-gaixielishi_009.ts
public/assets/videos/ad/slzh-gaixielishi_010.ts,ad/slzh-gaixielishi_010.ts,.ts,45308,82dd13b8c17e000a54b9c04259d7676572c2286d50f5d67a1d056bbe18a45214,ad/slzh-gaixielishi.m3u8,slzh-gaixielishi_010.ts,assets/videos/ad/slzh-gaixielishi_010.ts,https://media.jazimportfolio.com/assets/videos/ad/slzh-gaixielishi_010.ts
public/assets/videos/ad/slzh-jiedifengdi.m3u8,ad/slzh-jiedifengdi.m3u8,.m3u8,491,,,,assets/videos/ad/slzh-jiedifengdi.m3u8,https://media.jazimportfolio.com/assets/videos/ad/slzh-jiedifengdi.m3u8
public/assets/videos/ad/slzh-jiedifengdi_000.ts,ad/slzh-jiedifengdi_000.ts,.ts,2249232,536e010a5c6aee126cd0a614ef1ee02d7e125e6031a874af7557ae0f139ffe1d,ad/slzh-jiedifengdi.m3u8,slzh-jiedifengdi_000.ts,assets/videos/ad/slzh-jiedifengdi_000.ts,https://media.jazimportfolio.com/assets/videos/ad/slzh-jiedifengdi_000.ts
public/assets/videos/ad/slzh-jiedifengdi_001.ts,ad/slzh-jiedifengdi_001.ts,.ts,3432128,bae8b990f78f20556f222ae7fa95111b8f9f26d144e5d3acb47adde6a6c0d884,ad/slzh-jiedifengdi.m3u8,slzh-jiedifengdi_001.ts,assets/videos/ad/slzh-jiedifengdi_001.ts,https://media.jazimportfolio.com/assets/videos/ad/slzh-jiedifengdi_001.ts
public/assets/videos/ad/slzh-jiedifengdi_002.ts,ad/slzh-jiedifengdi_002.ts,.ts,1205644,ae57a3040fee7b23f597c5d590aafddb5cc6b3aa6bca8565e6682dc8cceb6cdc,ad/slzh-jiedifengdi.m3u8,slzh-jiedifengdi_002.ts,assets/videos/ad/slzh-jiedifengdi_002.ts,https://media.jazimportfolio.com/assets/videos/ad/slzh-jiedifengdi_002.ts
public/assets/videos/ad/slzh-jiedifengdi_003.ts,ad/slzh-jiedifengdi_003.ts,.ts,2475772,928b03149d03b4f2b85e172fef40589053bb0514b0b6c814e72d6025e8dbb467,ad/slzh-jiedifengdi.m3u8,slzh-jiedifengdi_003.ts,assets/videos/ad/slzh-jiedifengdi_003.ts,https://media.jazimportfolio.com/assets/videos/ad/slzh-jiedifengdi_003.ts
public/assets/videos/ad/slzh-jiedifengdi_004.ts,ad/slzh-jiedifengdi_004.ts,.ts,2568080,d2c2d9688ea190b800a0e6fa8ef07e8c4619daa19ed079957b0b67d734508408,ad/slzh-jiedifengdi.m3u8,slzh-jiedifengdi_004.ts,assets/videos/ad/slzh-jiedifengdi_004.ts,https://media.jazimportfolio.com/assets/videos/ad/slzh-jiedifengdi_004.ts
public/assets/videos/ad/slzh-jiedifengdi_005.ts,ad/slzh-jiedifengdi_005.ts,.ts,3359936,7ab565e038a65043f9b99f7b54b110f592c03edd188af38ffd381d2cc4905337,ad/slzh-jiedifengdi.m3u8,slzh-jiedifengdi_005.ts,assets/videos/ad/slzh-jiedifengdi_005.ts,https://media.jazimportfolio.com/assets/videos/ad/slzh-jiedifengdi_005.ts
public/assets/videos/ad/slzh-jiedifengdi_006.ts,ad/slzh-jiedifengdi_006.ts,.ts,800692,f307231a87353a1b382c378cae82a268ffe7b2344f15aa88cda993b00a6bf46f,ad/slzh-jiedifengdi.m3u8,slzh-jiedifengdi_006.ts,assets/videos/ad/slzh-jiedifengdi_006.ts,https://media.jazimportfolio.com/assets/videos/ad/slzh-jiedifengdi_006.ts
public/assets/videos/ad/slzh-jiedifengdi_007.ts,ad/slzh-jiedifengdi_007.ts,.ts,3763948,1f287c1ea440c83680e10398f751a11b3cbde17ce8b494cbad8b85084b6a3a36,ad/slzh-jiedifengdi.m3u8,slzh-jiedifengdi_007.ts,assets/videos/ad/slzh-jiedifengdi_007.ts,https://media.jazimportfolio.com/assets/videos/ad/slzh-jiedifengdi_007.ts
public/assets/videos/ad/slzh-jiedifengdi_008.ts,ad/slzh-jiedifengdi_008.ts,.ts,1794084,a21a2e201783c487382070578593d3914d5aceb6f3ed88478e0c7fc7827fe27f,ad/slzh-jiedifengdi.m3u8,slzh-jiedifengdi_008.ts,assets/videos/ad/slzh-jiedifengdi_008.ts,https://media.jazimportfolio.com/assets/videos/ad/slzh-jiedifengdi_008.ts
public/assets/videos/ad/slzh-jinsimazhao.m3u8,ad/slzh-jinsimazhao.m3u8,.m3u8,491,,,,assets/videos/ad/slzh-jinsimazhao.m3u8,https://media.jazimportfolio.com/assets/videos/ad/slzh-jinsimazhao.m3u8
public/assets/videos/ad/slzh-jinsimazhao_000.ts,ad/slzh-jinsimazhao_000.ts,.ts,3087148,30e49fe970b49091dbb138dd97c3f2847b429d13fd1e954a8b9005942c5e6c9e,ad/slzh-jinsimazhao.m3u8,slzh-jinsimazhao_000.ts,assets/videos/ad/slzh-jinsimazhao_000.ts,https://media.jazimportfolio.com/assets/videos/ad/slzh-jinsimazhao_000.ts
public/assets/videos/ad/slzh-jinsimazhao_001.ts,ad/slzh-jinsimazhao_001.ts,.ts,3491536,065dfe416d9172c9d131487497de16a9c03af0a784aa909f26048692c4c3f179,ad/slzh-jinsimazhao.m3u8,slzh-jinsimazhao_001.ts,assets/videos/ad/slzh-jinsimazhao_001.ts,https://media.jazimportfolio.com/assets/videos/ad/slzh-jinsimazhao_001.ts
public/assets/videos/ad/slzh-jinsimazhao_002.ts,ad/slzh-jinsimazhao_002.ts,.ts,1303216,e69da04de493b56f11f5036c49980796578701046500579ffb287784a2b1bd3f,ad/slzh-jinsimazhao.m3u8,slzh-jinsimazhao_002.ts,assets/videos/ad/slzh-jinsimazhao_002.ts,https://media.jazimportfolio.com/assets/videos/ad/slzh-jinsimazhao_002.ts
public/assets/videos/ad/slzh-jinsimazhao_003.ts,ad/slzh-jinsimazhao_003.ts,.ts,928720,8db47583ac6ea33105508444be610190909d72a9da53e34e151bee521a6684c1,ad/slzh-jinsimazhao.m3u8,slzh-jinsimazhao_003.ts,assets/videos/ad/slzh-jinsimazhao_003.ts,https://media.jazimportfolio.com/assets/videos/ad/slzh-jinsimazhao_003.ts
public/assets/videos/ad/slzh-jinsimazhao_004.ts,ad/slzh-jinsimazhao_004.ts,.ts,4567648,fb9bc2033269ffeb16507fd9dbfc4c3fb2d610b94511b42d4c892b150fdc0d6c,ad/slzh-jinsimazhao.m3u8,slzh-jinsimazhao_004.ts,assets/videos/ad/slzh-jinsimazhao_004.ts,https://media.jazimportfolio.com/assets/videos/ad/slzh-jinsimazhao_004.ts
public/assets/videos/ad/slzh-jinsimazhao_005.ts,ad/slzh-jinsimazhao_005.ts,.ts,2288336,6db261e02aee804380bb3266221c50b0a021118b0492f194d66c3364a18d2166,ad/slzh-jinsimazhao.m3u8,slzh-jinsimazhao_005.ts,assets/videos/ad/slzh-jinsimazhao_005.ts,https://media.jazimportfolio.com/assets/videos/ad/slzh-jinsimazhao_005.ts
public/assets/videos/ad/slzh-jinsimazhao_006.ts,ad/slzh-jinsimazhao_006.ts,.ts,1502496,18e626548ca57af5348617e4352ad7b2f2979e5699aad10d181f2a97b251a7e2,ad/slzh-jinsimazhao.m3u8,slzh-jinsimazhao_006.ts,assets/videos/ad/slzh-jinsimazhao_006.ts,https://media.jazimportfolio.com/assets/videos/ad/slzh-jinsimazhao_006.ts
public/assets/videos/ad/slzh-jinsimazhao_007.ts,ad/slzh-jinsimazhao_007.ts,.ts,3362004,49c4850d42039502b58892e9cf4af0b109e2193c19a746b5358f049bf700a3e1,ad/slzh-jinsimazhao.m3u8,slzh-jinsimazhao_007.ts,assets/videos/ad/slzh-jinsimazhao_007.ts,https://media.jazimportfolio.com/assets/videos/ad/slzh-jinsimazhao_007.ts
public/assets/videos/ad/slzh-jinsimazhao_008.ts,ad/slzh-jinsimazhao_008.ts,.ts,2234004,d0246139c50614e045219a3bce081721eb3b2b8ded3f56e2b7e4ef667f8e1e35,ad/slzh-jinsimazhao.m3u8,slzh-jinsimazhao_008.ts,assets/videos/ad/slzh-jinsimazhao_008.ts,https://media.jazimportfolio.com/assets/videos/ad/slzh-jinsimazhao_008.ts
public/assets/videos/ad/slzh-meirenhuajuan.m3u8,ad/slzh-meirenhuajuan.m3u8,.m3u8,421,,,,assets/videos/ad/slzh-meirenhuajuan.m3u8,https://media.jazimportfolio.com/assets/videos/ad/slzh-meirenhuajuan.m3u8
public/assets/videos/ad/slzh-meirenhuajuan_000.ts,ad/slzh-meirenhuajuan_000.ts,.ts,5247268,6e0abcccd3f3842ad97b976a321c737d70ecceff19ebc6d3eabc4e0f0aa5c48a,ad/slzh-meirenhuajuan.m3u8,slzh-meirenhuajuan_000.ts,assets/videos/ad/slzh-meirenhuajuan_000.ts,https://media.jazimportfolio.com/assets/videos/ad/slzh-meirenhuajuan_000.ts
public/assets/videos/ad/slzh-meirenhuajuan_001.ts,ad/slzh-meirenhuajuan_001.ts,.ts,2747056,81ac8842d440374625554ce9798bf57ae3c11d9a7f1d1b801e0b454014822cc1,ad/slzh-meirenhuajuan.m3u8,slzh-meirenhuajuan_001.ts,assets/videos/ad/slzh-meirenhuajuan_001.ts,https://media.jazimportfolio.com/assets/videos/ad/slzh-meirenhuajuan_001.ts
public/assets/videos/ad/slzh-meirenhuajuan_002.ts,ad/slzh-meirenhuajuan_002.ts,.ts,2897456,c50a175e60b8a2d4e065c0b4c84c43729b71e1c6f409982eb717910ae981d39e,ad/slzh-meirenhuajuan.m3u8,slzh-meirenhuajuan_002.ts,assets/videos/ad/slzh-meirenhuajuan_002.ts,https://media.jazimportfolio.com/assets/videos/ad/slzh-meirenhuajuan_002.ts
public/assets/videos/ad/slzh-meirenhuajuan_003.ts,ad/slzh-meirenhuajuan_003.ts,.ts,2886928,66a39dc3f35b3aebb1ec30635ea9718be1dd0acfb4e884eff576389e3321dfa4,ad/slzh-meirenhuajuan.m3u8,slzh-meirenhuajuan_003.ts,assets/videos/ad/slzh-meirenhuajuan_003.ts,https://media.jazimportfolio.com/assets/videos/ad/slzh-meirenhuajuan_003.ts
public/assets/videos/ad/slzh-meirenhuajuan_004.ts,ad/slzh-meirenhuajuan_004.ts,.ts,6628128,24c9fe0b2f023b1348e6763ac7b5cdd6fd3f92984f7ce8aaa0a1d3b321ca1dd1,ad/slzh-meirenhuajuan.m3u8,slzh-meirenhuajuan_004.ts,assets/videos/ad/slzh-meirenhuajuan_004.ts,https://media.jazimportfolio.com/assets/videos/ad/slzh-meirenhuajuan_004.ts
public/assets/videos/ad/slzh-meirenhuajuan_005.ts,ad/slzh-meirenhuajuan_005.ts,.ts,3300340,07915e12a4184d1fddc94ff80ee2b799e23c8cd9fd8612a4b068109c06764f33,ad/slzh-meirenhuajuan.m3u8,slzh-meirenhuajuan_005.ts,assets/videos/ad/slzh-meirenhuajuan_005.ts,https://media.jazimportfolio.com/assets/videos/ad/slzh-meirenhuajuan_005.ts
public/assets/videos/ad/slzh-meirenhuajuan_006.ts,ad/slzh-meirenhuajuan_006.ts,.ts,3244692,6c32c3cdf69d21061cce06fd51332022ae5eaeb3096a503ebd1473a15aebba15,ad/slzh-meirenhuajuan.m3u8,slzh-meirenhuajuan_006.ts,assets/videos/ad/slzh-meirenhuajuan_006.ts,https://media.jazimportfolio.com/assets/videos/ad/slzh-meirenhuajuan_006.ts
public/assets/videos/ad/slzh-pugc-girls.m3u8,ad/slzh-pugc-girls.m3u8,.m3u8,605,,,,assets/videos/ad/slzh-pugc-girls.m3u8,https://media.jazimportfolio.com/assets/videos/ad/slzh-pugc-girls.m3u8
public/assets/videos/ad/slzh-pugc-girls_000.ts,ad/slzh-pugc-girls_000.ts,.ts,5553708,f880e0f0c4056f23671a1a92f4a37427547dfa496ea8819d826444a7bd43eae8,ad/slzh-pugc-girls.m3u8,slzh-pugc-girls_000.ts,assets/videos/ad/slzh-pugc-girls_000.ts,https://media.jazimportfolio.com/assets/videos/ad/slzh-pugc-girls_000.ts
public/assets/videos/ad/slzh-pugc-girls_001.ts,ad/slzh-pugc-girls_001.ts,.ts,2167076,7522a11fde489041f23e880d17193670a6e3a70254613af0280ff8317202c2c8,ad/slzh-pugc-girls.m3u8,slzh-pugc-girls_001.ts,assets/videos/ad/slzh-pugc-girls_001.ts,https://media.jazimportfolio.com/assets/videos/ad/slzh-pugc-girls_001.ts
public/assets/videos/ad/slzh-pugc-girls_002.ts,ad/slzh-pugc-girls_002.ts,.ts,3239240,249a77313c2d343ce3ab60fa76b278d983787016763c3e09ea9a6cea89c8e134,ad/slzh-pugc-girls.m3u8,slzh-pugc-girls_002.ts,assets/videos/ad/slzh-pugc-girls_002.ts,https://media.jazimportfolio.com/assets/videos/ad/slzh-pugc-girls_002.ts
public/assets/videos/ad/slzh-pugc-girls_003.ts,ad/slzh-pugc-girls_003.ts,.ts,1071600,b6122c585589fc2778dc1b29ac3f5cff9d77ab06d2efa1f3dd7256728b83719b,ad/slzh-pugc-girls.m3u8,slzh-pugc-girls_003.ts,assets/videos/ad/slzh-pugc-girls_003.ts,https://media.jazimportfolio.com/assets/videos/ad/slzh-pugc-girls_003.ts
public/assets/videos/ad/slzh-pugc-girls_004.ts,ad/slzh-pugc-girls_004.ts,.ts,3603396,9725f0c19bb38a151d5a77e3e214691011a8b4874d1103dadb3d2b7c8eb3462a,ad/slzh-pugc-girls.m3u8,slzh-pugc-girls_004.ts,assets/videos/ad/slzh-pugc-girls_004.ts,https://media.jazimportfolio.com/assets/videos/ad/slzh-pugc-girls_004.ts
public/assets/videos/ad/slzh-pugc-girls_005.ts,ad/slzh-pugc-girls_005.ts,.ts,2435164,8a9bcce3111096b87a72c27fb993b35dbe1301c4181590a17e80044cd1f7e9a4,ad/slzh-pugc-girls.m3u8,slzh-pugc-girls_005.ts,assets/videos/ad/slzh-pugc-girls_005.ts,https://media.jazimportfolio.com/assets/videos/ad/slzh-pugc-girls_005.ts
public/assets/videos/ad/slzh-pugc-girls_006.ts,ad/slzh-pugc-girls_006.ts,.ts,504968,7c69de9b5c06c019e9b720eaa5a055c83f3e0b0024ae8a53727a695c47f57c02,ad/slzh-pugc-girls.m3u8,slzh-pugc-girls_006.ts,assets/videos/ad/slzh-pugc-girls_006.ts,https://media.jazimportfolio.com/assets/videos/ad/slzh-pugc-girls_006.ts
public/assets/videos/ad/slzh-pugc-girls_007.ts,ad/slzh-pugc-girls_007.ts,.ts,2916068,c61c6eb85a42cc2e0e866632202752f6bfcb3435fcd02a55ee61b542ed14e3ee,ad/slzh-pugc-girls.m3u8,slzh-pugc-girls_007.ts,assets/videos/ad/slzh-pugc-girls_007.ts,https://media.jazimportfolio.com/assets/videos/ad/slzh-pugc-girls_007.ts
public/assets/videos/ad/slzh-pugc-girls_008.ts,ad/slzh-pugc-girls_008.ts,.ts,1987348,8d82d8b8b19dc700d3a7f2e529888c6ad2ab35ab31a00cb0e4484d5ab68831bc,ad/slzh-pugc-girls.m3u8,slzh-pugc-girls_008.ts,assets/videos/ad/slzh-pugc-girls_008.ts,https://media.jazimportfolio.com/assets/videos/ad/slzh-pugc-girls_008.ts
public/assets/videos/ad/slzh-pugc-girls_009.ts,ad/slzh-pugc-girls_009.ts,.ts,3047104,64bc013378b16e6192b14edc4ad2db97aa9265cb81ecf164acfb2c6384c14bf5,ad/slzh-pugc-girls.m3u8,slzh-pugc-girls_009.ts,assets/videos/ad/slzh-pugc-girls_009.ts,https://media.jazimportfolio.com/assets/videos/ad/slzh-pugc-girls_009.ts
public/assets/videos/ad/slzh-pugc-girls_010.ts,ad/slzh-pugc-girls_010.ts,.ts,3655096,fe2786b4145a2ea88d8e1c1189530a73dde3f775eb4bcb4ec64d3d80f8af5145,ad/slzh-pugc-girls.m3u8,slzh-pugc-girls_010.ts,assets/videos/ad/slzh-pugc-girls_010.ts,https://media.jazimportfolio.com/assets/videos/ad/slzh-pugc-girls_010.ts
public/assets/videos/ad/slzh-pugc-girls_011.ts,ad/slzh-pugc-girls_011.ts,.ts,3806248,eec9d2af9548f4310f11ebc9d290dcefbf56a61c1a542f0214e25de154214003,ad/slzh-pugc-girls.m3u8,slzh-pugc-girls_011.ts,assets/videos/ad/slzh-pugc-girls_011.ts,https://media.jazimportfolio.com/assets/videos/ad/slzh-pugc-girls_011.ts
public/assets/videos/ad/slzh-pugc-zhurong.m3u8,ad/slzh-pugc-zhurong.m3u8,.m3u8,586,,,,assets/videos/ad/slzh-pugc-zhurong.m3u8,https://media.jazimportfolio.com/assets/videos/ad/slzh-pugc-zhurong.m3u8
public/assets/videos/ad/slzh-pugc-zhurong_000.ts,ad/slzh-pugc-zhurong_000.ts,.ts,5398420,3ba931a3401698b49ed98d3cf26e0804d4b64eaac0480d3b89d87d3f84873e5b,ad/slzh-pugc-zhurong.m3u8,slzh-pugc-zhurong_000.ts,assets/videos/ad/slzh-pugc-zhurong_000.ts,https://media.jazimportfolio.com/assets/videos/ad/slzh-pugc-zhurong_000.ts
public/assets/videos/ad/slzh-pugc-zhurong_001.ts,ad/slzh-pugc-zhurong_001.ts,.ts,2699680,7af57988bf43a3a8ed35d241f3504ed408ee83abc56a50e8eec499a4d5ae668c,ad/slzh-pugc-zhurong.m3u8,slzh-pugc-zhurong_001.ts,assets/videos/ad/slzh-pugc-zhurong_001.ts,https://media.jazimportfolio.com/assets/videos/ad/slzh-pugc-zhurong_001.ts
public/assets/videos/ad/slzh-pugc-zhurong_002.ts,ad/slzh-pugc-zhurong_002.ts,.ts,1382364,8ee3f8a48c56c6887aed13bce66e1e8bc2212474e82ad28142c149b6a30ef44e,ad/slzh-pugc-zhurong.m3u8,slzh-pugc-zhurong_002.ts,assets/videos/ad/slzh-pugc-zhurong_002.ts,https://media.jazimportfolio.com/assets/videos/ad/slzh-pugc-zhurong_002.ts
public/assets/videos/ad/slzh-pugc-zhurong_003.ts,ad/slzh-pugc-zhurong_003.ts,.ts,2693476,b231bdea91d68009a180b312bc2fb354fe659db3145112940644b651aa77b537,ad/slzh-pugc-zhurong.m3u8,slzh-pugc-zhurong_003.ts,assets/videos/ad/slzh-pugc-zhurong_003.ts,https://media.jazimportfolio.com/assets/videos/ad/slzh-pugc-zhurong_003.ts
public/assets/videos/ad/slzh-pugc-zhurong_004.ts,ad/slzh-pugc-zhurong_004.ts,.ts,1857816,ae33e211d58c059d910041d49e2cda567c6f70619414166c3a55f1321470b246,ad/slzh-pugc-zhurong.m3u8,slzh-pugc-zhurong_004.ts,assets/videos/ad/slzh-pugc-zhurong_004.ts,https://media.jazimportfolio.com/assets/videos/ad/slzh-pugc-zhurong_004.ts
public/assets/videos/ad/slzh-pugc-zhurong_005.ts,ad/slzh-pugc-zhurong_005.ts,.ts,3812828,7b06db1520c6de4879d7b7825546050645e5e3516a65a29421e549732d29830c,ad/slzh-pugc-zhurong.m3u8,slzh-pugc-zhurong_005.ts,assets/videos/ad/slzh-pugc-zhurong_005.ts,https://media.jazimportfolio.com/assets/videos/ad/slzh-pugc-zhurong_005.ts
public/assets/videos/ad/slzh-pugc-zhurong_006.ts,ad/slzh-pugc-zhurong_006.ts,.ts,2988636,e76bd0d9f39cda3af68794cc8d0ffdda611eb3e17cbfaf9d22feea290cd6146b,ad/slzh-pugc-zhurong.m3u8,slzh-pugc-zhurong_006.ts,assets/videos/ad/slzh-pugc-zhurong_006.ts,https://media.jazimportfolio.com/assets/videos/ad/slzh-pugc-zhurong_006.ts
public/assets/videos/ad/slzh-pugc-zhurong_007.ts,ad/slzh-pugc-zhurong_007.ts,.ts,5252344,2c6cc0e51533a5cb8a9e49c88dbc55dc0fffa737316fc7a44ece766ad3ca467b,ad/slzh-pugc-zhurong.m3u8,slzh-pugc-zhurong_007.ts,assets/videos/ad/slzh-pugc-zhurong_007.ts,https://media.jazimportfolio.com/assets/videos/ad/slzh-pugc-zhurong_007.ts
public/assets/videos/ad/slzh-pugc-zhurong_008.ts,ad/slzh-pugc-zhurong_008.ts,.ts,1485012,5166016ce66ac42432cbf986e97b15ca659f96ed20ead25b923790bdd44e2e86,ad/slzh-pugc-zhurong.m3u8,slzh-pugc-zhurong_008.ts,assets/videos/ad/slzh-pugc-zhurong_008.ts,https://media.jazimportfolio.com/assets/videos/ad/slzh-pugc-zhurong_008.ts
public/assets/videos/ad/slzh-pugc-zhurong_009.ts,ad/slzh-pugc-zhurong_009.ts,.ts,2321424,eb2fb97a9782f3b195d66397619948be86ec3acbabaa56366f75ffefe4dd6fee,ad/slzh-pugc-zhurong.m3u8,slzh-pugc-zhurong_009.ts,assets/videos/ad/slzh-pugc-zhurong_009.ts,https://media.jazimportfolio.com/assets/videos/ad/slzh-pugc-zhurong_009.ts
public/assets/videos/ad/slzh-pugc-zhurong_010.ts,ad/slzh-pugc-zhurong_010.ts,.ts,2015924,2eae9569288ef0cde390a51f80b610e6099b2f373fde56b38246d0bd0fe7cdf2,ad/slzh-pugc-zhurong.m3u8,slzh-pugc-zhurong_010.ts,assets/videos/ad/slzh-pugc-zhurong_010.ts,https://media.jazimportfolio.com/assets/videos/ad/slzh-pugc-zhurong_010.ts
public/assets/videos/ad/slzh-sanzhanchaoxi.m3u8,ad/slzh-sanzhanchaoxi.m3u8,.m3u8,554,,,,assets/videos/ad/slzh-sanzhanchaoxi.m3u8,https://media.jazimportfolio.com/assets/videos/ad/slzh-sanzhanchaoxi.m3u8
public/assets/videos/ad/slzh-sanzhanchaoxi_000.ts,ad/slzh-sanzhanchaoxi_000.ts,.ts,882284,2c2cf77b0d750441e87d911c9a5f830244f3a6ad9af4523c33767efc115d94f9,ad/slzh-sanzhanchaoxi.m3u8,slzh-sanzhanchaoxi_000.ts,assets/videos/ad/slzh-sanzhanchaoxi_000.ts,https://media.jazimportfolio.com/assets/videos/ad/slzh-sanzhanchaoxi_000.ts
public/assets/videos/ad/slzh-sanzhanchaoxi_001.ts,ad/slzh-sanzhanchaoxi_001.ts,.ts,2064428,6c03686100a704f221188b899feeb1e2415993791d37c30a26282344223c5154,ad/slzh-sanzhanchaoxi.m3u8,slzh-sanzhanchaoxi_001.ts,assets/videos/ad/slzh-sanzhanchaoxi_001.ts,https://media.jazimportfolio.com/assets/videos/ad/slzh-sanzhanchaoxi_001.ts
public/assets/videos/ad/slzh-sanzhanchaoxi_002.ts,ad/slzh-sanzhanchaoxi_002.ts,.ts,2863804,0b385740dd5b7a1c068db308e4aea9a35b80577ca94205ab1996ca2082351707,ad/slzh-sanzhanchaoxi.m3u8,slzh-sanzhanchaoxi_002.ts,assets/videos/ad/slzh-sanzhanchaoxi_002.ts,https://media.jazimportfolio.com/assets/videos/ad/slzh-sanzhanchaoxi_002.ts
public/assets/videos/ad/slzh-sanzhanchaoxi_003.ts,ad/slzh-sanzhanchaoxi_003.ts,.ts,1309984,5b089c81bc37f5bf557b26ce3d516c43745ea1753b4dc37dab2311b307b2cba2,ad/slzh-sanzhanchaoxi.m3u8,slzh-sanzhanchaoxi_003.ts,assets/videos/ad/slzh-sanzhanchaoxi_003.ts,https://media.jazimportfolio.com/assets/videos/ad/slzh-sanzhanchaoxi_003.ts
public/assets/videos/ad/slzh-sanzhanchaoxi_004.ts,ad/slzh-sanzhanchaoxi_004.ts,.ts,1026104,688a0efecdf4f8af85557ad3c2c1ac510e14fb416f321042df7dd8244a16b69d,ad/slzh-sanzhanchaoxi.m3u8,slzh-sanzhanchaoxi_004.ts,assets/videos/ad/slzh-sanzhanchaoxi_004.ts,https://media.jazimportfolio.com/assets/videos/ad/slzh-sanzhanchaoxi_004.ts
public/assets/videos/ad/slzh-sanzhanchaoxi_005.ts,ad/slzh-sanzhanchaoxi_005.ts,.ts,1233468,66b5ee0e8899c3becbebc4b563787571208e8abd3f3c5fbe6895d44e2b4d5d1d,ad/slzh-sanzhanchaoxi.m3u8,slzh-sanzhanchaoxi_005.ts,assets/videos/ad/slzh-sanzhanchaoxi_005.ts,https://media.jazimportfolio.com/assets/videos/ad/slzh-sanzhanchaoxi_005.ts
public/assets/videos/ad/slzh-sanzhanchaoxi_006.ts,ad/slzh-sanzhanchaoxi_006.ts,.ts,2819812,0a3d8f34477c11bde9b1d8055baa2bb7d430101777a44b7ea16e0c9a49b0208a,ad/slzh-sanzhanchaoxi.m3u8,slzh-sanzhanchaoxi_006.ts,assets/videos/ad/slzh-sanzhanchaoxi_006.ts,https://media.jazimportfolio.com/assets/videos/ad/slzh-sanzhanchaoxi_006.ts
public/assets/videos/ad/slzh-sanzhanchaoxi_007.ts,ad/slzh-sanzhanchaoxi_007.ts,.ts,1129316,c2f62b225b75d1c1ff901564371435944111016edfb428e9c05b27380eb8853d,ad/slzh-sanzhanchaoxi.m3u8,slzh-sanzhanchaoxi_007.ts,assets/videos/ad/slzh-sanzhanchaoxi_007.ts,https://media.jazimportfolio.com/assets/videos/ad/slzh-sanzhanchaoxi_007.ts
public/assets/videos/ad/slzh-sanzhanchaoxi_008.ts,ad/slzh-sanzhanchaoxi_008.ts,.ts,745608,86f1f0ef6c05d253d55750dca90ac077ae69ca671528bdd27ea02dc5131ebd6b,ad/slzh-sanzhanchaoxi.m3u8,slzh-sanzhanchaoxi_008.ts,assets/videos/ad/slzh-sanzhanchaoxi_008.ts,https://media.jazimportfolio.com/assets/videos/ad/slzh-sanzhanchaoxi_008.ts
public/assets/videos/ad/slzh-sanzhanchaoxi_009.ts,ad/slzh-sanzhanchaoxi_009.ts,.ts,1574876,1f087e70d23813133d991039968697b63999bec7506708b88aa4f00b4f26a7a9,ad/slzh-sanzhanchaoxi.m3u8,slzh-sanzhanchaoxi_009.ts,assets/videos/ad/slzh-sanzhanchaoxi_009.ts,https://media.jazimportfolio.com/assets/videos/ad/slzh-sanzhanchaoxi_009.ts
public/assets/videos/ad/slzh-wuxingxunyu.m3u8,ad/slzh-wuxingxunyu.m3u8,.m3u8,449,,,,assets/videos/ad/slzh-wuxingxunyu.m3u8,https://media.jazimportfolio.com/assets/videos/ad/slzh-wuxingxunyu.m3u8
public/assets/videos/ad/slzh-wuxingxunyu_000.ts,ad/slzh-wuxingxunyu_000.ts,.ts,3777484,5d3cd39089df7e225f65be65b11ecb273764b53d57d8e7bf164941a6fd3b99be,ad/slzh-wuxingxunyu.m3u8,slzh-wuxingxunyu_000.ts,assets/videos/ad/slzh-wuxingxunyu_000.ts,https://media.jazimportfolio.com/assets/videos/ad/slzh-wuxingxunyu_000.ts
public/assets/videos/ad/slzh-wuxingxunyu_001.ts,ad/slzh-wuxingxunyu_001.ts,.ts,4202552,6530a0e4cc619e9cf324e24ec5726326b8119db060efee9f1f6380dbea903b4e,ad/slzh-wuxingxunyu.m3u8,slzh-wuxingxunyu_001.ts,assets/videos/ad/slzh-wuxingxunyu_001.ts,https://media.jazimportfolio.com/assets/videos/ad/slzh-wuxingxunyu_001.ts
public/assets/videos/ad/slzh-wuxingxunyu_002.ts,ad/slzh-wuxingxunyu_002.ts,.ts,1928316,c042c40c2413af7563aea8c3d462fcc313af1700c2d0e1a51f38c45980ebb875,ad/slzh-wuxingxunyu.m3u8,slzh-wuxingxunyu_002.ts,assets/videos/ad/slzh-wuxingxunyu_002.ts,https://media.jazimportfolio.com/assets/videos/ad/slzh-wuxingxunyu_002.ts
public/assets/videos/ad/slzh-wuxingxunyu_003.ts,ad/slzh-wuxingxunyu_003.ts,.ts,564940,566d19274557d54f065e1b7572c61091fc6aaf73287df610fcd7939f32bcc613,ad/slzh-wuxingxunyu.m3u8,slzh-wuxingxunyu_003.ts,assets/videos/ad/slzh-wuxingxunyu_003.ts,https://media.jazimportfolio.com/assets/videos/ad/slzh-wuxingxunyu_003.ts
public/assets/videos/ad/slzh-wuxingxunyu_004.ts,ad/slzh-wuxingxunyu_004.ts,.ts,2555108,367a5764ed5bb05594b05773768a0c25db0e9164569ac309597225e443ba6bff,ad/slzh-wuxingxunyu.m3u8,slzh-wuxingxunyu_004.ts,assets/videos/ad/slzh-wuxingxunyu_004.ts,https://media.jazimportfolio.com/assets/videos/ad/slzh-wuxingxunyu_004.ts
public/assets/videos/ad/slzh-wuxingxunyu_005.ts,ad/slzh-wuxingxunyu_005.ts,.ts,2143388,349f5297753c379f01dcd610d05655e54c17220e77712dafb1837e4e4476fec2,ad/slzh-wuxingxunyu.m3u8,slzh-wuxingxunyu_005.ts,assets/videos/ad/slzh-wuxingxunyu_005.ts,https://media.jazimportfolio.com/assets/videos/ad/slzh-wuxingxunyu_005.ts
public/assets/videos/ad/slzh-wuxingxunyu_006.ts,ad/slzh-wuxingxunyu_006.ts,.ts,3547936,db975aea4598e50fdddcf8c61259ac04f6b3bb407f845da938112bc5b037fe0a,ad/slzh-wuxingxunyu.m3u8,slzh-wuxingxunyu_006.ts,assets/videos/ad/slzh-wuxingxunyu_006.ts,https://media.jazimportfolio.com/assets/videos/ad/slzh-wuxingxunyu_006.ts
public/assets/videos/ad/slzh-wuxingxunyu_007.ts,ad/slzh-wuxingxunyu_007.ts,.ts,2267656,b6c56ad0e015bb5b85594011ec9fecb5276446aec8e85776273af0dc990e3082,ad/slzh-wuxingxunyu.m3u8,slzh-wuxingxunyu_007.ts,assets/videos/ad/slzh-wuxingxunyu_007.ts,https://media.jazimportfolio.com/assets/videos/ad/slzh-wuxingxunyu_007.ts
public/assets/videos/ad/slzh-yizidangtou.m3u8,ad/slzh-yizidangtou.m3u8,.m3u8,449,,,,assets/videos/ad/slzh-yizidangtou.m3u8,https://media.jazimportfolio.com/assets/videos/ad/slzh-yizidangtou.m3u8
public/assets/videos/ad/slzh-yizidangtou_000.ts,ad/slzh-yizidangtou_000.ts,.ts,5292576,35141e27631c6c188e8f3f7aa065190c679a95cafa09d04ed2fd745b59b34393,ad/slzh-yizidangtou.m3u8,slzh-yizidangtou_000.ts,assets/videos/ad/slzh-yizidangtou_000.ts,https://media.jazimportfolio.com/assets/videos/ad/slzh-yizidangtou_000.ts
public/assets/videos/ad/slzh-yizidangtou_001.ts,ad/slzh-yizidangtou_001.ts,.ts,1897484,beee67562f1a892a406234f1f5c2cea665c4ac439c320b02b3a405cf89bdf83c,ad/slzh-yizidangtou.m3u8,slzh-yizidangtou_001.ts,assets/videos/ad/slzh-yizidangtou_001.ts,https://media.jazimportfolio.com/assets/videos/ad/slzh-yizidangtou_001.ts
public/assets/videos/ad/slzh-yizidangtou_002.ts,ad/slzh-yizidangtou_002.ts,.ts,1574124,7363e020acfd5a1fa8159e7d0bfc7c69fcc3df4b80aba12c472978abe1cf675d,ad/slzh-yizidangtou.m3u8,slzh-yizidangtou_002.ts,assets/videos/ad/slzh-yizidangtou_002.ts,https://media.jazimportfolio.com/assets/videos/ad/slzh-yizidangtou_002.ts
public/assets/videos/ad/slzh-yizidangtou_003.ts,ad/slzh-yizidangtou_003.ts,.ts,1763628,19084215951584c7e12c328ce353826abe5e63e22bd0d2ca55c089f58ee52526,ad/slzh-yizidangtou.m3u8,slzh-yizidangtou_003.ts,assets/videos/ad/slzh-yizidangtou_003.ts,https://media.jazimportfolio.com/assets/videos/ad/slzh-yizidangtou_003.ts
public/assets/videos/ad/slzh-yizidangtou_004.ts,ad/slzh-yizidangtou_004.ts,.ts,2811352,cb51a67432e29029576a75f24b426763e119fe705096d6897eb0ae2e6a334b78,ad/slzh-yizidangtou.m3u8,slzh-yizidangtou_004.ts,assets/videos/ad/slzh-yizidangtou_004.ts,https://media.jazimportfolio.com/assets/videos/ad/slzh-yizidangtou_004.ts
public/assets/videos/ad/slzh-yizidangtou_005.ts,ad/slzh-yizidangtou_005.ts,.ts,1846724,2c3161b1a1a410052b7525b3aa07de88be5734bb62be69ca3af1b566ebca24cd,ad/slzh-yizidangtou.m3u8,slzh-yizidangtou_005.ts,assets/videos/ad/slzh-yizidangtou_005.ts,https://media.jazimportfolio.com/assets/videos/ad/slzh-yizidangtou_005.ts
public/assets/videos/ad/slzh-yizidangtou_006.ts,ad/slzh-yizidangtou_006.ts,.ts,4880292,facf4d73e61dc828609513179562ac6941377da92b26121f7ded4b91f9060280,ad/slzh-yizidangtou.m3u8,slzh-yizidangtou_006.ts,assets/videos/ad/slzh-yizidangtou_006.ts,https://media.jazimportfolio.com/assets/videos/ad/slzh-yizidangtou_006.ts
public/assets/videos/ad/slzh-yizidangtou_007.ts,ad/slzh-yizidangtou_007.ts,.ts,2296232,dbb18247a955fd05b88df62e5ffd5e136e3a04581c8088144689f937d915f9d4,ad/slzh-yizidangtou.m3u8,slzh-yizidangtou_007.ts,assets/videos/ad/slzh-yizidangtou_007.ts,https://media.jazimportfolio.com/assets/videos/ad/slzh-yizidangtou_007.ts
public/assets/videos/ad/slzh-zhubochouka.m3u8,ad/slzh-zhubochouka.m3u8,.m3u8,449,,,,assets/videos/ad/slzh-zhubochouka.m3u8,https://media.jazimportfolio.com/assets/videos/ad/slzh-zhubochouka.m3u8
public/assets/videos/ad/slzh-zhubochouka_000.ts,ad/slzh-zhubochouka_000.ts,.ts,2747996,0982220e38c8e8f35d4d3ab7b910422ea3cf8f471827aed204447f766930fbc7,ad/slzh-zhubochouka.m3u8,slzh-zhubochouka_000.ts,assets/videos/ad/slzh-zhubochouka_000.ts,https://media.jazimportfolio.com/assets/videos/ad/slzh-zhubochouka_000.ts
public/assets/videos/ad/slzh-zhubochouka_001.ts,ad/slzh-zhubochouka_001.ts,.ts,3133584,40ac4139093ea0c1af0c0efe06dd93fb3103a02a79c6591690bca218861402ab,ad/slzh-zhubochouka.m3u8,slzh-zhubochouka_001.ts,assets/videos/ad/slzh-zhubochouka_001.ts,https://media.jazimportfolio.com/assets/videos/ad/slzh-zhubochouka_001.ts
public/assets/videos/ad/slzh-zhubochouka_002.ts,ad/slzh-zhubochouka_002.ts,.ts,2663208,671378060b1b31d5a045d3cb60c0ce8bbd264fb7d7084666a408be740b96a63c,ad/slzh-zhubochouka.m3u8,slzh-zhubochouka_002.ts,assets/videos/ad/slzh-zhubochouka_002.ts,https://media.jazimportfolio.com/assets/videos/ad/slzh-zhubochouka_002.ts
public/assets/videos/ad/slzh-zhubochouka_003.ts,ad/slzh-zhubochouka_003.ts,.ts,3277592,910cac9ad47e11d3748b0eca49307de20f47165874761df6d5c5ae289072d6e8,ad/slzh-zhubochouka.m3u8,slzh-zhubochouka_003.ts,assets/videos/ad/slzh-zhubochouka_003.ts,https://media.jazimportfolio.com/assets/videos/ad/slzh-zhubochouka_003.ts
public/assets/videos/ad/slzh-zhubochouka_004.ts,ad/slzh-zhubochouka_004.ts,.ts,2468252,5e0f261008c7d7927e79bd7cd328ad96d0f2bf595682e339e2caab5d177f2b1f,ad/slzh-zhubochouka.m3u8,slzh-zhubochouka_004.ts,assets/videos/ad/slzh-zhubochouka_004.ts,https://media.jazimportfolio.com/assets/videos/ad/slzh-zhubochouka_004.ts
public/assets/videos/ad/slzh-zhubochouka_005.ts,ad/slzh-zhubochouka_005.ts,.ts,2687460,d4b22d798e80b26c21d8a6d11ca747e5d7935ed0a8159a6ce8a5f92b910e5436,ad/slzh-zhubochouka.m3u8,slzh-zhubochouka_005.ts,assets/videos/ad/slzh-zhubochouka_005.ts,https://media.jazimportfolio.com/assets/videos/ad/slzh-zhubochouka_005.ts
public/assets/videos/ad/slzh-zhubochouka_006.ts,ad/slzh-zhubochouka_006.ts,.ts,2083228,4bca0d893e72fe67be693e9e285f53264e8430355e2bd972138c87d2bc858079,ad/slzh-zhubochouka.m3u8,slzh-zhubochouka_006.ts,assets/videos/ad/slzh-zhubochouka_006.ts,https://media.jazimportfolio.com/assets/videos/ad/slzh-zhubochouka_006.ts
public/assets/videos/ad/slzh-zhubochouka_007.ts,ad/slzh-zhubochouka_007.ts,.ts,2140380,accb7bd6808fcc3787d3e29599971cda191d925d6c651e95620beb9c10e21f12,ad/slzh-zhubochouka.m3u8,slzh-zhubochouka_007.ts,assets/videos/ad/slzh-zhubochouka_007.ts,https://media.jazimportfolio.com/assets/videos/ad/slzh-zhubochouka_007.ts
public/assets/videos/ad/uu-heikeji.m3u8,ad/uu-heikeji.m3u8,.m3u8,297,,,,assets/videos/ad/uu-heikeji.m3u8,https://media.jazimportfolio.com/assets/videos/ad/uu-heikeji.m3u8
public/assets/videos/ad/uu-heikeji_000.ts,ad/uu-heikeji_000.ts,.ts,1723396,e21c77d2d0c26d193b1701b837d7881d4a55cfcf4949a7f00fa3b042734ecc38,ad/uu-heikeji.m3u8,uu-heikeji_000.ts,assets/videos/ad/uu-heikeji_000.ts,https://media.jazimportfolio.com/assets/videos/ad/uu-heikeji_000.ts
public/assets/videos/ad/uu-heikeji_001.ts,ad/uu-heikeji_001.ts,.ts,2608124,00fea1cebfb2b4fec5218fd8ba7b7c02529ceccac55d1402a7e86681d8a335ec,ad/uu-heikeji.m3u8,uu-heikeji_001.ts,assets/videos/ad/uu-heikeji_001.ts,https://media.jazimportfolio.com/assets/videos/ad/uu-heikeji_001.ts
public/assets/videos/ad/uu-heikeji_002.ts,ad/uu-heikeji_002.ts,.ts,1971556,3735e80004a6353047b73bebf25544985ca4ed40330df54a1a3276c09759242f,ad/uu-heikeji.m3u8,uu-heikeji_002.ts,assets/videos/ad/uu-heikeji_002.ts,https://media.jazimportfolio.com/assets/videos/ad/uu-heikeji_002.ts
public/assets/videos/ad/uu-heikeji_003.ts,ad/uu-heikeji_003.ts,.ts,401004,ecd15db82c0866c5ab556db835ebcd93d7cd110036c3c2a729ce025614a2d30c,ad/uu-heikeji.m3u8,uu-heikeji_003.ts,assets/videos/ad/uu-heikeji_003.ts,https://media.jazimportfolio.com/assets/videos/ad/uu-heikeji_003.ts
public/assets/videos/ad/uu-heikeji_004.ts,ad/uu-heikeji_004.ts,.ts,1599128,0f3bab90a21736b41f31215942eae8f4e57b63e6f4cb4d9a668e5721c8514f50,ad/uu-heikeji.m3u8,uu-heikeji_004.ts,assets/videos/ad/uu-heikeji_004.ts,https://media.jazimportfolio.com/assets/videos/ad/uu-heikeji_004.ts
public/assets/videos/ad/xxyx-character-showcase.m3u8,ad/xxyx-character-showcase.m3u8,.m3u8,407,,,,assets/videos/ad/xxyx-character-showcase.m3u8,https://media.jazimportfolio.com/assets/videos/ad/xxyx-character-showcase.m3u8
public/assets/videos/ad/xxyx-character-showcase_000.ts,ad/xxyx-character-showcase_000.ts,.ts,462856,0410898f9d6e04e9e1605d923cd9b27653a1224a931463f59f96f7a789f060fb,ad/xxyx-character-showcase.m3u8,xxyx-character-showcase_000.ts,assets/videos/ad/xxyx-character-showcase_000.ts,https://media.jazimportfolio.com/assets/videos/ad/xxyx-character-showcase_000.ts
public/assets/videos/ad/xxyx-character-showcase_001.ts,ad/xxyx-character-showcase_001.ts,.ts,7586364,fd43f61baa41d720f915ff59525430d0b92077f0fad1aa75103d1004292b9a5c,ad/xxyx-character-showcase.m3u8,xxyx-character-showcase_001.ts,assets/videos/ad/xxyx-character-showcase_001.ts,https://media.jazimportfolio.com/assets/videos/ad/xxyx-character-showcase_001.ts
public/assets/videos/ad/xxyx-character-showcase_002.ts,ad/xxyx-character-showcase_002.ts,.ts,4897024,722db5c583780f70f3d7812b83f550ebda5dc02fb2191e0a05c9e9e98f663841,ad/xxyx-character-showcase.m3u8,xxyx-character-showcase_002.ts,assets/videos/ad/xxyx-character-showcase_002.ts,https://media.jazimportfolio.com/assets/videos/ad/xxyx-character-showcase_002.ts
public/assets/videos/ad/xxyx-character-showcase_003.ts,ad/xxyx-character-showcase_003.ts,.ts,3372532,43b452b4cc4944bf8ab1b22061b31fae1824639a54c78b34e00dc35d674bd7a3,ad/xxyx-character-showcase.m3u8,xxyx-character-showcase_003.ts,assets/videos/ad/xxyx-character-showcase_003.ts,https://media.jazimportfolio.com/assets/videos/ad/xxyx-character-showcase_003.ts
public/assets/videos/ad/xxyx-character-showcase_004.ts,ad/xxyx-character-showcase_004.ts,.ts,3251084,f12065f9965f33a4156eaa2c067aa5208c079b15e70c2d5a39f9c5d0df9104ef,ad/xxyx-character-showcase.m3u8,xxyx-character-showcase_004.ts,assets/videos/ad/xxyx-character-showcase_004.ts,https://media.jazimportfolio.com/assets/videos/ad/xxyx-character-showcase_004.ts
public/assets/videos/ad/xxyx-character-showcase_005.ts,ad/xxyx-character-showcase_005.ts,.ts,1087956,9cbf22760e08f5bb06d908363e142b6ece6c56392703916657b29c71e28a8a4d,ad/xxyx-character-showcase.m3u8,xxyx-character-showcase_005.ts,assets/videos/ad/xxyx-character-showcase_005.ts,https://media.jazimportfolio.com/assets/videos/ad/xxyx-character-showcase_005.ts
public/assets/videos/ad/yys-xinqu-mianfeipifu.m3u8,ad/yys-xinqu-mianfeipifu.m3u8,.m3u8,631,,,,assets/videos/ad/yys-xinqu-mianfeipifu.m3u8,https://media.jazimportfolio.com/assets/videos/ad/yys-xinqu-mianfeipifu.m3u8
public/assets/videos/ad/yys-xinqu-mianfeipifu_000.ts,ad/yys-xinqu-mianfeipifu_000.ts,.ts,558172,7ac458ed9c2f7d39bd63c413aad298d5a68b05b7d19c311cda1fd31adb8c852e,ad/yys-xinqu-mianfeipifu.m3u8,yys-xinqu-mianfeipifu_000.ts,assets/videos/ad/yys-xinqu-mianfeipifu_000.ts,https://media.jazimportfolio.com/assets/videos/ad/yys-xinqu-mianfeipifu_000.ts
public/assets/videos/ad/yys-xinqu-mianfeipifu_001.ts,ad/yys-xinqu-mianfeipifu_001.ts,.ts,1529380,0e083ab3c42a72f11c86922ecf96b868e163c73f2a415e60a6a26330d9cd69a2,ad/yys-xinqu-mianfeipifu.m3u8,yys-xinqu-mianfeipifu_001.ts,assets/videos/ad/yys-xinqu-mianfeipifu_001.ts,https://media.jazimportfolio.com/assets/videos/ad/yys-xinqu-mianfeipifu_001.ts
public/assets/videos/ad/yys-xinqu-mianfeipifu_002.ts,ad/yys-xinqu-mianfeipifu_002.ts,.ts,887172,bff3e64ef038be252c37621c86b143f55ab65d870586fe64521f387fa6b9946c,ad/yys-xinqu-mianfeipifu.m3u8,yys-xinqu-mianfeipifu_002.ts,assets/videos/ad/yys-xinqu-mianfeipifu_002.ts,https://media.jazimportfolio.com/assets/videos/ad/yys-xinqu-mianfeipifu_002.ts
public/assets/videos/ad/yys-xinqu-mianfeipifu_003.ts,ad/yys-xinqu-mianfeipifu_003.ts,.ts,3030184,8f151c38ada5d8b44dcef7ed079fc600d97cd5929ad62d82277fae5b8089367f,ad/yys-xinqu-mianfeipifu.m3u8,yys-xinqu-mianfeipifu_003.ts,assets/videos/ad/yys-xinqu-mianfeipifu_003.ts,https://media.jazimportfolio.com/assets/videos/ad/yys-xinqu-mianfeipifu_003.ts
public/assets/videos/ad/yys-xinqu-mianfeipifu_004.ts,ad/yys-xinqu-mianfeipifu_004.ts,.ts,2095636,72362e32e616b6952edf46dd46f64d4b8b069e830bef1d73dcb770bcbb4a9587,ad/yys-xinqu-mianfeipifu.m3u8,yys-xinqu-mianfeipifu_004.ts,assets/videos/ad/yys-xinqu-mianfeipifu_004.ts,https://media.jazimportfolio.com/assets/videos/ad/yys-xinqu-mianfeipifu_004.ts
public/assets/videos/ad/yys-xinqu-mianfeipifu_005.ts,ad/yys-xinqu-mianfeipifu_005.ts,.ts,581484,509f8e553142cac918827003261918ddb25d9d68111568f4d71227ad7a787912,ad/yys-xinqu-mianfeipifu.m3u8,yys-xinqu-mianfeipifu_005.ts,assets/videos/ad/yys-xinqu-mianfeipifu_005.ts,https://media.jazimportfolio.com/assets/videos/ad/yys-xinqu-mianfeipifu_005.ts
public/assets/videos/ad/yys-xinqu-mianfeipifu_006.ts,ad/yys-xinqu-mianfeipifu_006.ts,.ts,4498088,afea0ce154d0c432d2386089b795926ec107fb089977b4183d1f52c1196cd76f,ad/yys-xinqu-mianfeipifu.m3u8,yys-xinqu-mianfeipifu_006.ts,assets/videos/ad/yys-xinqu-mianfeipifu_006.ts,https://media.jazimportfolio.com/assets/videos/ad/yys-xinqu-mianfeipifu_006.ts
public/assets/videos/ad/yys-xinqu-mianfeipifu_007.ts,ad/yys-xinqu-mianfeipifu_007.ts,.ts,684696,d1fef0ee20e22c7f6df45a9c874f54b0f1244d2b6b14c82e0f0f45fcdeecf318,ad/yys-xinqu-mianfeipifu.m3u8,yys-xinqu-mianfeipifu_007.ts,assets/videos/ad/yys-xinqu-mianfeipifu_007.ts,https://media.jazimportfolio.com/assets/videos/ad/yys-xinqu-mianfeipifu_007.ts
public/assets/videos/ad/yys-xinqu-mianfeipifu_008.ts,ad/yys-xinqu-mianfeipifu_008.ts,.ts,864800,749a4f4ea675d093669f8f48ddadea41f8f9aa7ad542604448a9af3de4234a45,ad/yys-xinqu-mianfeipifu.m3u8,yys-xinqu-mianfeipifu_008.ts,assets/videos/ad/yys-xinqu-mianfeipifu_008.ts,https://media.jazimportfolio.com/assets/videos/ad/yys-xinqu-mianfeipifu_008.ts
public/assets/videos/ad/yys-xinqu-mianfeipifu_009.ts,ad/yys-xinqu-mianfeipifu_009.ts,.ts,2453400,6abda63af0127a301cef079abbb4299720da7fba687b2c2efed844d55aa335fa,ad/yys-xinqu-mianfeipifu.m3u8,yys-xinqu-mianfeipifu_009.ts,assets/videos/ad/yys-xinqu-mianfeipifu_009.ts,https://media.jazimportfolio.com/assets/videos/ad/yys-xinqu-mianfeipifu_009.ts
public/assets/videos/ad/yys-xinqu-mianfeipifu_010.ts,ad/yys-xinqu-mianfeipifu_010.ts,.ts,1845972,59c47b1b4d810884fd16d052821a4be9f47e0b2ed2eb11e621b4121af888fe1b,ad/yys-xinqu-mianfeipifu.m3u8,yys-xinqu-mianfeipifu_010.ts,assets/videos/ad/yys-xinqu-mianfeipifu_010.ts,https://media.jazimportfolio.com/assets/videos/ad/yys-xinqu-mianfeipifu_010.ts
public/assets/videos/ad/yys-xinshishen.m3u8,ad/yys-xinshishen.m3u8,.m3u8,433,,,,assets/videos/ad/yys-xinshishen.m3u8,https://media.jazimportfolio.com/assets/videos/ad/yys-xinshishen.m3u8
public/assets/videos/ad/yys-xinshishen_000.ts,ad/yys-xinshishen_000.ts,.ts,1361496,dd13c06d348fea615794d56a5ca3fb94feb422a339174c5626e32a73347ea2ac,ad/yys-xinshishen.m3u8,yys-xinshishen_000.ts,assets/videos/ad/yys-xinshishen_000.ts,https://media.jazimportfolio.com/assets/videos/ad/yys-xinshishen_000.ts
public/assets/videos/ad/yys-xinshishen_001.ts,ad/yys-xinshishen_001.ts,.ts,3160280,1287293dea34b33c1ee5f47772f54fe29e73d4572cc7893469054418c574aa7d,ad/yys-xinshishen.m3u8,yys-xinshishen_001.ts,assets/videos/ad/yys-xinshishen_001.ts,https://media.jazimportfolio.com/assets/videos/ad/yys-xinshishen_001.ts
public/assets/videos/ad/yys-xinshishen_002.ts,ad/yys-xinshishen_002.ts,.ts,3033004,ee3c12293a3948a33f307019a504d1f63f40853fe75286783f94417b414043f2,ad/yys-xinshishen.m3u8,yys-xinshishen_002.ts,assets/videos/ad/yys-xinshishen_002.ts,https://media.jazimportfolio.com/assets/videos/ad/yys-xinshishen_002.ts
public/assets/videos/ad/yys-xinshishen_003.ts,ad/yys-xinshishen_003.ts,.ts,2972468,dcb5556955aa6243084cd55430a730be579da19114d0bd717370387b40f49803,ad/yys-xinshishen.m3u8,yys-xinshishen_003.ts,assets/videos/ad/yys-xinshishen_003.ts,https://media.jazimportfolio.com/assets/videos/ad/yys-xinshishen_003.ts
public/assets/videos/ad/yys-xinshishen_004.ts,ad/yys-xinshishen_004.ts,.ts,2511116,7b359a89aa6d4ba2e93f27f6da39a86c9ce6b78d41277389cd9197b69be48aaf,ad/yys-xinshishen.m3u8,yys-xinshishen_004.ts,assets/videos/ad/yys-xinshishen_004.ts,https://media.jazimportfolio.com/assets/videos/ad/yys-xinshishen_004.ts
public/assets/videos/ad/yys-xinshishen_005.ts,ad/yys-xinshishen_005.ts,.ts,595020,a8ca5065738051a1271527d53892fa56500ebeb006dfd1390f37d20bf4140517,ad/yys-xinshishen.m3u8,yys-xinshishen_005.ts,assets/videos/ad/yys-xinshishen_005.ts,https://media.jazimportfolio.com/assets/videos/ad/yys-xinshishen_005.ts
public/assets/videos/ad/yys-xinshishen_006.ts,ad/yys-xinshishen_006.ts,.ts,2413168,105d1cd624dae4ef3a6514c05ed378c4aabc98875ab1ae6c3b5ebcec3a5bd1e7,ad/yys-xinshishen.m3u8,yys-xinshishen_006.ts,assets/videos/ad/yys-xinshishen_006.ts,https://media.jazimportfolio.com/assets/videos/ad/yys-xinshishen_006.ts
public/assets/videos/ad/yys-xinshishen_007.ts,ad/yys-xinshishen_007.ts,.ts,1957644,31c61c08508e9975a1cb006720bbb11cf018524652241d93224657cb33feb627,ad/yys-xinshishen.m3u8,yys-xinshishen_007.ts,assets/videos/ad/yys-xinshishen_007.ts,https://media.jazimportfolio.com/assets/videos/ad/yys-xinshishen_007.ts
public/assets/videos/ad/yys-yinhun-liandong.m3u8,ad/yys-yinhun-liandong.m3u8,.m3u8,473,,,,assets/videos/ad/yys-yinhun-liandong.m3u8,https://media.jazimportfolio.com/assets/videos/ad/yys-yinhun-liandong.m3u8
public/assets/videos/ad/yys-yinhun-liandong_000.ts,ad/yys-yinhun-liandong_000.ts,.ts,5685308,0c90dd40e6015b7ba67ade00b113765aec1fb86cb2efe5568331f19cf773e80c,ad/yys-yinhun-liandong.m3u8,yys-yinhun-liandong_000.ts,assets/videos/ad/yys-yinhun-liandong_000.ts,https://media.jazimportfolio.com/assets/videos/ad/yys-yinhun-liandong_000.ts
public/assets/videos/ad/yys-yinhun-liandong_001.ts,ad/yys-yinhun-liandong_001.ts,.ts,1289304,6ef465eb889448ad66e3f7cc9f4d07c691d5c887038fa5d3bd4bbc0798d497ca,ad/yys-yinhun-liandong.m3u8,yys-yinhun-liandong_001.ts,assets/videos/ad/yys-yinhun-liandong_001.ts,https://media.jazimportfolio.com/assets/videos/ad/yys-yinhun-liandong_001.ts
public/assets/videos/ad/yys-yinhun-liandong_002.ts,ad/yys-yinhun-liandong_002.ts,.ts,1966668,06f2c40ad02ca7d997f66fc1f04c160cefe9a8959205360389e253a8979d55d3,ad/yys-yinhun-liandong.m3u8,yys-yinhun-liandong_002.ts,assets/videos/ad/yys-yinhun-liandong_002.ts,https://media.jazimportfolio.com/assets/videos/ad/yys-yinhun-liandong_002.ts
public/assets/videos/ad/yys-yinhun-liandong_003.ts,ad/yys-yinhun-liandong_003.ts,.ts,1713620,5284ce0b33a719f6a029aac4ad80012a194cbdb705e7d95fdb8d862a4c6977ff,ad/yys-yinhun-liandong.m3u8,yys-yinhun-liandong_003.ts,assets/videos/ad/yys-yinhun-liandong_003.ts,https://media.jazimportfolio.com/assets/videos/ad/yys-yinhun-liandong_003.ts
public/assets/videos/ad/yys-yinhun-liandong_004.ts,ad/yys-yinhun-liandong_004.ts,.ts,3358808,8e669d5fb64586e9069c21dd6c40ca292af13c23bf27cc3b19186f6feca1599b,ad/yys-yinhun-liandong.m3u8,yys-yinhun-liandong_004.ts,assets/videos/ad/yys-yinhun-liandong_004.ts,https://media.jazimportfolio.com/assets/videos/ad/yys-yinhun-liandong_004.ts
public/assets/videos/ad/yys-yinhun-liandong_005.ts,ad/yys-yinhun-liandong_005.ts,.ts,5015464,31f2f037f217228544be392e4210eece384dbee7f8d94fcec7567a8cb328e8ec,ad/yys-yinhun-liandong.m3u8,yys-yinhun-liandong_005.ts,assets/videos/ad/yys-yinhun-liandong_005.ts,https://media.jazimportfolio.com/assets/videos/ad/yys-yinhun-liandong_005.ts
public/assets/videos/ad/yys-yinhun-liandong_006.ts,ad/yys-yinhun-liandong_006.ts,.ts,1596872,de7edf4f813c343c46fa1bde90adfe94143fd8d25e757199139b1dbf12d0fa15,ad/yys-yinhun-liandong.m3u8,yys-yinhun-liandong_006.ts,assets/videos/ad/yys-yinhun-liandong_006.ts,https://media.jazimportfolio.com/assets/videos/ad/yys-yinhun-liandong_006.ts
public/assets/videos/ad/yys-yinhun-liandong_007.ts,ad/yys-yinhun-liandong_007.ts,.ts,2681820,ba2e8e058aee4026f0f01fc5a2139c9424b920d9fcaf876fa22cd53ef3505865,ad/yys-yinhun-liandong.m3u8,yys-yinhun-liandong_007.ts,assets/videos/ad/yys-yinhun-liandong_007.ts,https://media.jazimportfolio.com/assets/videos/ad/yys-yinhun-liandong_007.ts
public/assets/videos/game-ui/ae-sci-fi-win.m3u8,game-ui/ae-sci-fi-win.m3u8,.m3u8,191,,,,assets/videos/game-ui/ae-sci-fi-win.m3u8,https://media.jazimportfolio.com/assets/videos/game-ui/ae-sci-fi-win.m3u8
public/assets/videos/game-ui/ae-sci-fi-win_000.ts,game-ui/ae-sci-fi-win_000.ts,.ts,6988524,b886b21776470a616081b89fd5a0a29012a241c91cdb033e194d5ebf380c9c81,game-ui/ae-sci-fi-win.m3u8,ae-sci-fi-win_000.ts,assets/videos/game-ui/ae-sci-fi-win_000.ts,https://media.jazimportfolio.com/assets/videos/game-ui/ae-sci-fi-win_000.ts
public/assets/videos/game-ui/ae-sci-fi-win_001.ts,game-ui/ae-sci-fi-win_001.ts,.ts,63732,78be67a5f62e7d8ab8577ab3c0c90c0c9e3e520b63efbda19ad20a50027e37e3,game-ui/ae-sci-fi-win.m3u8,ae-sci-fi-win_001.ts,assets/videos/game-ui/ae-sci-fi-win_001.ts,https://media.jazimportfolio.com/assets/videos/game-ui/ae-sci-fi-win_001.ts
public/assets/videos/game-ui/erciyuan-7day-signin.m3u8,game-ui/erciyuan-7day-signin.m3u8,.m3u8,159,,,,assets/videos/game-ui/erciyuan-7day-signin.m3u8,https://media.jazimportfolio.com/assets/videos/game-ui/erciyuan-7day-signin.m3u8
public/assets/videos/game-ui/erciyuan-7day-signin_000.ts,game-ui/erciyuan-7day-signin_000.ts,.ts,5809576,c3d33411d1450d45e9bb0f231734bf1b7639a62d1937811dded6bb4ec3132174,game-ui/erciyuan-7day-signin.m3u8,erciyuan-7day-signin_000.ts,assets/videos/game-ui/erciyuan-7day-signin_000.ts,https://media.jazimportfolio.com/assets/videos/game-ui/erciyuan-7day-signin_000.ts
public/assets/videos/game-ui/gongxi-gacha.m3u8,game-ui/gongxi-gacha.m3u8,.m3u8,189,,,,assets/videos/game-ui/gongxi-gacha.m3u8,https://media.jazimportfolio.com/assets/videos/game-ui/gongxi-gacha.m3u8
public/assets/videos/game-ui/gongxi-gacha_000.ts,game-ui/gongxi-gacha_000.ts,.ts,3462208,46e68e6b3bd30f050bffbf00f622fabee387408d9e1a7f14d528bf9166d65c9a,game-ui/gongxi-gacha.m3u8,gongxi-gacha_000.ts,assets/videos/game-ui/gongxi-gacha_000.ts,https://media.jazimportfolio.com/assets/videos/game-ui/gongxi-gacha_000.ts
public/assets/videos/game-ui/gongxi-gacha_001.ts,game-ui/gongxi-gacha_001.ts,.ts,320728,b3edc20be4203879f38d30933b5b23918b3c94742844c3c8f228138cf3e9d499,game-ui/gongxi-gacha.m3u8,gongxi-gacha_001.ts,assets/videos/game-ui/gongxi-gacha_001.ts,https://media.jazimportfolio.com/assets/videos/game-ui/gongxi-gacha_001.ts
public/assets/videos/game-ui/lobby-card.m3u8,game-ui/lobby-card.m3u8,.m3u8,149,,,,assets/videos/game-ui/lobby-card.m3u8,https://media.jazimportfolio.com/assets/videos/game-ui/lobby-card.m3u8
public/assets/videos/game-ui/lobby-card_000.ts,game-ui/lobby-card_000.ts,.ts,877396,08d377d5d9a487415cd0a4b41dc07c971e73ea6d4f574cb436828aae0a95dd60,game-ui/lobby-card.m3u8,lobby-card_000.ts,assets/videos/game-ui/lobby-card_000.ts,https://media.jazimportfolio.com/assets/videos/game-ui/lobby-card_000.ts
public/assets/videos/game-ui/lobby-game-start.m3u8,game-ui/lobby-game-start.m3u8,.m3u8,197,,,,assets/videos/game-ui/lobby-game-start.m3u8,https://media.jazimportfolio.com/assets/videos/game-ui/lobby-game-start.m3u8
public/assets/videos/game-ui/lobby-game-start_000.ts,game-ui/lobby-game-start_000.ts,.ts,1060508,043576bfff6da48a0fb8395becc698dc56b7b65de09e3c6482477930a3c4bc2b,game-ui/lobby-game-start.m3u8,lobby-game-start_000.ts,assets/videos/game-ui/lobby-game-start_000.ts,https://media.jazimportfolio.com/assets/videos/game-ui/lobby-game-start_000.ts
public/assets/videos/game-ui/lobby-game-start_001.ts,game-ui/lobby-game-start_001.ts,.ts,801632,7d403b519aa32880de89407a724ec918e61f0147e4dd9f5011e21601bb75562c,game-ui/lobby-game-start.m3u8,lobby-game-start_001.ts,assets/videos/game-ui/lobby-game-start_001.ts,https://media.jazimportfolio.com/assets/videos/game-ui/lobby-game-start_001.ts
public/assets/videos/game-ui/lobby-main-menu.m3u8,game-ui/lobby-main-menu.m3u8,.m3u8,195,,,,assets/videos/game-ui/lobby-main-menu.m3u8,https://media.jazimportfolio.com/assets/videos/game-ui/lobby-main-menu.m3u8
public/assets/videos/game-ui/lobby-main-menu_000.ts,game-ui/lobby-main-menu_000.ts,.ts,557608,501131525a0cfd2976c8130d970494b30eefc87b595730f74ac45bc715eb8cc0,game-ui/lobby-main-menu.m3u8,lobby-main-menu_000.ts,assets/videos/game-ui/lobby-main-menu_000.ts,https://media.jazimportfolio.com/assets/videos/game-ui/lobby-main-menu_000.ts
public/assets/videos/game-ui/lobby-main-menu_001.ts,game-ui/lobby-main-menu_001.ts,.ts,263012,62e82e902f1b0a201569d0a2e31dcf5361ac3f263ddd0f44cf9c12a089d5aaac,game-ui/lobby-main-menu.m3u8,lobby-main-menu_001.ts,assets/videos/game-ui/lobby-main-menu_001.ts,https://media.jazimportfolio.com/assets/videos/game-ui/lobby-main-menu_001.ts
public/assets/videos/game-ui/lobby-signin.m3u8,game-ui/lobby-signin.m3u8,.m3u8,189,,,,assets/videos/game-ui/lobby-signin.m3u8,https://media.jazimportfolio.com/assets/videos/game-ui/lobby-signin.m3u8
public/assets/videos/game-ui/lobby-signin_000.ts,game-ui/lobby-signin_000.ts,.ts,1448164,664315f3d85e3c31dcf751fc75c4a8d86643f40224680648904bfb0ede94ef1a,game-ui/lobby-signin.m3u8,lobby-signin_000.ts,assets/videos/game-ui/lobby-signin_000.ts,https://media.jazimportfolio.com/assets/videos/game-ui/lobby-signin_000.ts
public/assets/videos/game-ui/lobby-signin_001.ts,game-ui/lobby-signin_001.ts,.ts,94000,36cbb2fedd2cb949542c0ae95de3f1c8749a912a1d025a9ecae1cafb62c7f6b4,game-ui/lobby-signin.m3u8,lobby-signin_001.ts,assets/videos/game-ui/lobby-signin_001.ts,https://media.jazimportfolio.com/assets/videos/game-ui/lobby-signin_001.ts
public/assets/videos/game-ui/ue5-icon-motion-1.m3u8,game-ui/ue5-icon-motion-1.m3u8,.m3u8,156,,,,assets/videos/game-ui/ue5-icon-motion-1.m3u8,https://media.jazimportfolio.com/assets/videos/game-ui/ue5-icon-motion-1.m3u8
public/assets/videos/game-ui/ue5-icon-motion-1_000.ts,game-ui/ue5-icon-motion-1_000.ts,.ts,170704,275f2095b180c8f41a9f32da1520a1102a12193c46a2b0aaac4b459b320d4597,game-ui/ue5-icon-motion-1.m3u8,ue5-icon-motion-1_000.ts,assets/videos/game-ui/ue5-icon-motion-1_000.ts,https://media.jazimportfolio.com/assets/videos/game-ui/ue5-icon-motion-1_000.ts
public/assets/videos/game-ui/ue5-icon-motion-2.m3u8,game-ui/ue5-icon-motion-2.m3u8,.m3u8,156,,,,assets/videos/game-ui/ue5-icon-motion-2.m3u8,https://media.jazimportfolio.com/assets/videos/game-ui/ue5-icon-motion-2.m3u8
public/assets/videos/game-ui/ue5-icon-motion-2_000.ts,game-ui/ue5-icon-motion-2_000.ts,.ts,240076,745551e66168ad995d94f0d892e9f1101c2bddaa25fa013a0cba9c9cbacc3905,game-ui/ue5-icon-motion-2.m3u8,ue5-icon-motion-2_000.ts,assets/videos/game-ui/ue5-icon-motion-2_000.ts,https://media.jazimportfolio.com/assets/videos/game-ui/ue5-icon-motion-2_000.ts
public/assets/videos/game-ui/unity-chest-open.m3u8,game-ui/unity-chest-open.m3u8,.m3u8,239,,,,assets/videos/game-ui/unity-chest-open.m3u8,https://media.jazimportfolio.com/assets/videos/game-ui/unity-chest-open.m3u8
public/assets/videos/game-ui/unity-chest-open_000.ts,game-ui/unity-chest-open_000.ts,.ts,10254836,c8c48f78ad2e154eb1ad06ca800e2d1929d290ecd6c3c53d79936d0bf1ccebf5,game-ui/unity-chest-open.m3u8,unity-chest-open_000.ts,assets/videos/game-ui/unity-chest-open_000.ts,https://media.jazimportfolio.com/assets/videos/game-ui/unity-chest-open_000.ts
public/assets/videos/game-ui/unity-chest-open_001.ts,game-ui/unity-chest-open_001.ts,.ts,7601216,34ab9cb7455decb6d42a61b85e2abf3cd3752e58bc4d013a0e5e000fb84e1463,game-ui/unity-chest-open.m3u8,unity-chest-open_001.ts,assets/videos/game-ui/unity-chest-open_001.ts,https://media.jazimportfolio.com/assets/videos/game-ui/unity-chest-open_001.ts
public/assets/videos/game-ui/unity-chest-open_002.ts,game-ui/unity-chest-open_002.ts,.ts,7518308,36f84be3e8a6f025e147dde309d228ebcde3ff20cef14d0b7b4c31be05ffbc9d,game-ui/unity-chest-open.m3u8,unity-chest-open_002.ts,assets/videos/game-ui/unity-chest-open_002.ts,https://media.jazimportfolio.com/assets/videos/game-ui/unity-chest-open_002.ts
public/assets/videos/hearthstone/hs-blue-glow.m3u8,hearthstone/hs-blue-glow.m3u8,.m3u8,151,,,,assets/videos/hearthstone/hs-blue-glow.m3u8,https://media.jazimportfolio.com/assets/videos/hearthstone/hs-blue-glow.m3u8
public/assets/videos/hearthstone/hs-blue-glow_000.ts,hearthstone/hs-blue-glow_000.ts,.ts,519632,20800d09f9e1ab4c185e94c4e449004b7358f681d684bc57172f1053a26bc25d,hearthstone/hs-blue-glow.m3u8,hs-blue-glow_000.ts,assets/videos/hearthstone/hs-blue-glow_000.ts,https://media.jazimportfolio.com/assets/videos/hearthstone/hs-blue-glow_000.ts
public/assets/videos/hearthstone/hs-five-draw.m3u8,hearthstone/hs-five-draw.m3u8,.m3u8,151,,,,assets/videos/hearthstone/hs-five-draw.m3u8,https://media.jazimportfolio.com/assets/videos/hearthstone/hs-five-draw.m3u8
public/assets/videos/hearthstone/hs-five-draw_000.ts,hearthstone/hs-five-draw_000.ts,.ts,946016,9a5e7381d0fad491f8f85db9f503701be1e79c4a5d8b9f8427d4d0c0f88047e4,hearthstone/hs-five-draw.m3u8,hs-five-draw_000.ts,assets/videos/hearthstone/hs-five-draw_000.ts,https://media.jazimportfolio.com/assets/videos/hearthstone/hs-five-draw_000.ts
public/assets/videos/hearthstone/hs-gold-glow.m3u8,hearthstone/hs-gold-glow.m3u8,.m3u8,151,,,,assets/videos/hearthstone/hs-gold-glow.m3u8,https://media.jazimportfolio.com/assets/videos/hearthstone/hs-gold-glow.m3u8
public/assets/videos/hearthstone/hs-gold-glow_000.ts,hearthstone/hs-gold-glow_000.ts,.ts,443492,c486d58f1865244286bde3d5ddc27d7522e8555363e9a257ddd672c29c586f7c,hearthstone/hs-gold-glow.m3u8,hs-gold-glow_000.ts,assets/videos/hearthstone/hs-gold-glow_000.ts,https://media.jazimportfolio.com/assets/videos/hearthstone/hs-gold-glow_000.ts
public/assets/videos/hearthstone/hs-purple-glow.m3u8,hearthstone/hs-purple-glow.m3u8,.m3u8,153,,,,assets/videos/hearthstone/hs-purple-glow.m3u8,https://media.jazimportfolio.com/assets/videos/hearthstone/hs-purple-glow.m3u8
public/assets/videos/hearthstone/hs-purple-glow_000.ts,hearthstone/hs-purple-glow_000.ts,.ts,386716,7a89c1a478ba62db67327e4e7703d728bd85afda10c344beaf769b5b55ae4f78,hearthstone/hs-purple-glow.m3u8,hs-purple-glow_000.ts,assets/videos/hearthstone/hs-purple-glow_000.ts,https://media.jazimportfolio.com/assets/videos/hearthstone/hs-purple-glow_000.ts
public/assets/videos/hearthstone/hs-single-draw.m3u8,hearthstone/hs-single-draw.m3u8,.m3u8,153,,,,assets/videos/hearthstone/hs-single-draw.m3u8,https://media.jazimportfolio.com/assets/videos/hearthstone/hs-single-draw.m3u8
public/assets/videos/hearthstone/hs-single-draw_000.ts,hearthstone/hs-single-draw_000.ts,.ts,356636,b6efda2bce7af8ef5723d92a21b177a22073ba77708f5b43873be45da46eb1cb,hearthstone/hs-single-draw.m3u8,hs-single-draw_000.ts,assets/videos/hearthstone/hs-single-draw_000.ts,https://media.jazimportfolio.com/assets/videos/hearthstone/hs-single-draw_000.ts
public/assets/videos/hearthstone/hs-task-refresh.m3u8,hearthstone/hs-task-refresh.m3u8,.m3u8,154,,,,assets/videos/hearthstone/hs-task-refresh.m3u8,https://media.jazimportfolio.com/assets/videos/hearthstone/hs-task-refresh.m3u8
public/assets/videos/hearthstone/hs-task-refresh_000.ts,hearthstone/hs-task-refresh_000.ts,.ts,734516,c9a7625bbeeca00115576fba5196dae0a369013b35c53561b47a18abbe00dd0b,hearthstone/hs-task-refresh.m3u8,hs-task-refresh_000.ts,assets/videos/hearthstone/hs-task-refresh_000.ts,https://media.jazimportfolio.com/assets/videos/hearthstone/hs-task-refresh_000.ts
public/assets/videos/hearthstone/hs-upgrade.m3u8,hearthstone/hs-upgrade.m3u8,.m3u8,149,,,,assets/videos/hearthstone/hs-upgrade.m3u8,https://media.jazimportfolio.com/assets/videos/hearthstone/hs-upgrade.m3u8
public/assets/videos/hearthstone/hs-upgrade_000.ts,hearthstone/hs-upgrade_000.ts,.ts,1036256,db21cea670edbf194b495f93bbb9284c9ae8646fe5791b744f97c8c02db26365,hearthstone/hs-upgrade.m3u8,hs-upgrade_000.ts,assets/videos/hearthstone/hs-upgrade_000.ts,https://media.jazimportfolio.com/assets/videos/hearthstone/hs-upgrade_000.ts
public/assets/videos/naraka/naraka-anniversary-kv.m3u8,naraka/naraka-anniversary-kv.m3u8,.m3u8,160,,,,assets/videos/naraka/naraka-anniversary-kv.m3u8,https://media.jazimportfolio.com/assets/videos/naraka/naraka-anniversary-kv.m3u8
public/assets/videos/naraka/naraka-anniversary-kv_000.ts,naraka/naraka-anniversary-kv_000.ts,.ts,666084,339b42ffde5b59e1d4224fc410262f78fe02165fa08b50f4e400e38eacbea2d8,naraka/naraka-anniversary-kv.m3u8,naraka-anniversary-kv_000.ts,assets/videos/naraka/naraka-anniversary-kv_000.ts,https://media.jazimportfolio.com/assets/videos/naraka/naraka-anniversary-kv_000.ts
public/assets/videos/naraka/naraka-shangbo-demo.m3u8,naraka/naraka-shangbo-demo.m3u8,.m3u8,158,,,,assets/videos/naraka/naraka-shangbo-demo.m3u8,https://media.jazimportfolio.com/assets/videos/naraka/naraka-shangbo-demo.m3u8
public/assets/videos/naraka/naraka-shangbo-demo_000.ts,naraka/naraka-shangbo-demo_000.ts,.ts,8892776,79ba440f204953eae0f24aedafd42bc240481e853af159e919e04ac36a140115,naraka/naraka-shangbo-demo.m3u8,naraka-shangbo-demo_000.ts,assets/videos/naraka/naraka-shangbo-demo_000.ts,https://media.jazimportfolio.com/assets/videos/naraka/naraka-shangbo-demo_000.ts
public/assets/videos/naraka/naraka-shangbo-demo_001.ts,naraka/naraka-shangbo-demo_001.ts,.ts,3805872,89eb7de6a0ffebf3043c563284c57b9a39219e099731a38f5d8067dfa26dbea3,,,assets/videos/naraka/naraka-shangbo-demo_001.ts,https://media.jazimportfolio.com/assets/videos/naraka/naraka-shangbo-demo_001.ts
public/assets/videos/nsh/nsh-golden-kv.m3u8,nsh/nsh-golden-kv.m3u8,.m3u8,152,,,,assets/videos/nsh/nsh-golden-kv.m3u8,https://media.jazimportfolio.com/assets/videos/nsh/nsh-golden-kv.m3u8
public/assets/videos/nsh/nsh-golden-kv_000.ts,nsh/nsh-golden-kv_000.ts,.ts,6086688,b90f00b2e313cc83c0798fd1f5756076d682d195d56a5e97e5ac9758b875f994,nsh/nsh-golden-kv.m3u8,nsh-golden-kv_000.ts,assets/videos/nsh/nsh-golden-kv_000.ts,https://media.jazimportfolio.com/assets/videos/nsh/nsh-golden-kv_000.ts
public/assets/videos/nsh/nsh-jiuzhou-mijing.m3u8,nsh/nsh-jiuzhou-mijing.m3u8,.m3u8,333,,,,assets/videos/nsh/nsh-jiuzhou-mijing.m3u8,https://media.jazimportfolio.com/assets/videos/nsh/nsh-jiuzhou-mijing.m3u8
public/assets/videos/nsh/nsh-jiuzhou-mijing_000.ts,nsh/nsh-jiuzhou-mijing_000.ts,.ts,4793248,e11d1fc19b0495d8fbb4c489540a34d4d4d5c2a977d0dc58062ab00a4a80e637,nsh/nsh-jiuzhou-mijing.m3u8,nsh-jiuzhou-mijing_000.ts,assets/videos/nsh/nsh-jiuzhou-mijing_000.ts,https://media.jazimportfolio.com/assets/videos/nsh/nsh-jiuzhou-mijing_000.ts
public/assets/videos/nsh/nsh-jiuzhou-mijing_001.ts,nsh/nsh-jiuzhou-mijing_001.ts,.ts,8306592,46baaf4ceea5e58eb99bce876c3c511d97bfbde440f51e48dd7a4e32c8cfcb00,nsh/nsh-jiuzhou-mijing.m3u8,nsh-jiuzhou-mijing_001.ts,assets/videos/nsh/nsh-jiuzhou-mijing_001.ts,https://media.jazimportfolio.com/assets/videos/nsh/nsh-jiuzhou-mijing_001.ts
public/assets/videos/nsh/nsh-jiuzhou-mijing_002.ts,nsh/nsh-jiuzhou-mijing_002.ts,.ts,9169324,9f580e364236569fdad2c461b6499a727f8ac30f60e6a776a86e4a8a1a52063b,nsh/nsh-jiuzhou-mijing.m3u8,nsh-jiuzhou-mijing_002.ts,assets/videos/nsh/nsh-jiuzhou-mijing_002.ts,https://media.jazimportfolio.com/assets/videos/nsh/nsh-jiuzhou-mijing_002.ts
public/assets/videos/nsh/nsh-jiuzhou-mijing_003.ts,nsh/nsh-jiuzhou-mijing_003.ts,.ts,5175076,f8d4e5f68bba30d6dd09b6b9168ca6ab45e43f0a78ac4e6d9adca0bf21e66746,nsh/nsh-jiuzhou-mijing.m3u8,nsh-jiuzhou-mijing_003.ts,assets/videos/nsh/nsh-jiuzhou-mijing_003.ts,https://media.jazimportfolio.com/assets/videos/nsh/nsh-jiuzhou-mijing_003.ts
public/assets/videos/nsh/nsh-jiuzhou-mijing_004.ts,nsh/nsh-jiuzhou-mijing_004.ts,.ts,2159932,5c89b1facdabd2bee9a1ac831e3284256fce586f1214fdceacca19d528935843,nsh/nsh-jiuzhou-mijing.m3u8,nsh-jiuzhou-mijing_004.ts,assets/videos/nsh/nsh-jiuzhou-mijing_004.ts,https://media.jazimportfolio.com/assets/videos/nsh/nsh-jiuzhou-mijing_004.ts
public/assets/videos/promo/7days-world-xmt-promo.m3u8,promo/7days-world-xmt-promo.m3u8,.m3u8,585,,,,assets/videos/promo/7days-world-xmt-promo.m3u8,https://media.jazimportfolio.com/assets/videos/promo/7days-world-xmt-promo.m3u8
public/assets/videos/promo/7days-world-xmt-promo_000.ts,promo/7days-world-xmt-promo_000.ts,.ts,1315248,b1d7a51da0f53d9ac7109140261a7412971065f288b2865e1944411deea1c3e8,promo/7days-world-xmt-promo.m3u8,7days-world-xmt-promo_000.ts,assets/videos/promo/7days-world-xmt-promo_000.ts,https://media.jazimportfolio.com/assets/videos/promo/7days-world-xmt-promo_000.ts
public/assets/videos/promo/7days-world-xmt-promo_001.ts,promo/7days-world-xmt-promo_001.ts,.ts,1566980,473cf807602f8e74f7b3c63029537122b5e9a56aa55cdb8ea5002988f321754b,promo/7days-world-xmt-promo.m3u8,7days-world-xmt-promo_001.ts,assets/videos/promo/7days-world-xmt-promo_001.ts,https://media.jazimportfolio.com/assets/videos/promo/7days-world-xmt-promo_001.ts
public/assets/videos/promo/7days-world-xmt-promo_002.ts,promo/7days-world-xmt-promo_002.ts,.ts,799376,6f6277d73beca716141d4b8edc44d6774c6a49a03dde0fcf751819898f2ac030,promo/7days-world-xmt-promo.m3u8,7days-world-xmt-promo_002.ts,assets/videos/promo/7days-world-xmt-promo_002.ts,https://media.jazimportfolio.com/assets/videos/promo/7days-world-xmt-promo_002.ts
public/assets/videos/promo/7days-world-xmt-promo_003.ts,promo/7days-world-xmt-promo_003.ts,.ts,2709268,8d54a8a1f73f10e7e43bddf81cbc42a5532548adb5de1adca501b527ce73bcdf,promo/7days-world-xmt-promo.m3u8,7days-world-xmt-promo_003.ts,assets/videos/promo/7days-world-xmt-promo_003.ts,https://media.jazimportfolio.com/assets/videos/promo/7days-world-xmt-promo_003.ts
public/assets/videos/promo/7days-world-xmt-promo_004.ts,promo/7days-world-xmt-promo_004.ts,.ts,542944,55b59808558ab6f0cac533921549afff752d529eae2e8574ddf9d8052345417a,promo/7days-world-xmt-promo.m3u8,7days-world-xmt-promo_004.ts,assets/videos/promo/7days-world-xmt-promo_004.ts,https://media.jazimportfolio.com/assets/videos/promo/7days-world-xmt-promo_004.ts
public/assets/videos/promo/7days-world-xmt-promo_005.ts,promo/7days-world-xmt-promo_005.ts,.ts,2789732,1dcc10c05a93b6fe8ff2014e98a8859f81b7baa80abb07973cca675766c114bd,promo/7days-world-xmt-promo.m3u8,7days-world-xmt-promo_005.ts,assets/videos/promo/7days-world-xmt-promo_005.ts,https://media.jazimportfolio.com/assets/videos/promo/7days-world-xmt-promo_005.ts
public/assets/videos/promo/7days-world-xmt-promo_006.ts,promo/7days-world-xmt-promo_006.ts,.ts,35908,2dbda41f5ef397a2342e07812364f4bfdfb37dcef963d205ffa32114d7f5ae4b,promo/7days-world-xmt-promo.m3u8,7days-world-xmt-promo_006.ts,assets/videos/promo/7days-world-xmt-promo_006.ts,https://media.jazimportfolio.com/assets/videos/promo/7days-world-xmt-promo_006.ts
public/assets/videos/promo/7days-world-xmt-promo_007.ts,promo/7days-world-xmt-promo_007.ts,.ts,1139844,7787bc335c4847631791642b252b1228d19a4e915fa8a73b2a2668543c77d835,promo/7days-world-xmt-promo.m3u8,7days-world-xmt-promo_007.ts,assets/videos/promo/7days-world-xmt-promo_007.ts,https://media.jazimportfolio.com/assets/videos/promo/7days-world-xmt-promo_007.ts
public/assets/videos/promo/7days-world-xmt-promo_008.ts,promo/7days-world-xmt-promo_008.ts,.ts,1722644,47c1e375f666dde12be0a3ebbe00a608cd37506ae73d04dc5e0cead3633b0154,promo/7days-world-xmt-promo.m3u8,7days-world-xmt-promo_008.ts,assets/videos/promo/7days-world-xmt-promo_008.ts,https://media.jazimportfolio.com/assets/videos/promo/7days-world-xmt-promo_008.ts
public/assets/videos/promo/7days-world-xmt-promo_009.ts,promo/7days-world-xmt-promo_009.ts,.ts,243836,909ac5dca31726866b4c5b430d3e201bb8c9cfa5107c075e77f55dfb36c9543d,promo/7days-world-xmt-promo.m3u8,7days-world-xmt-promo_009.ts,assets/videos/promo/7days-world-xmt-promo_009.ts,https://media.jazimportfolio.com/assets/videos/promo/7days-world-xmt-promo_009.ts
public/assets/videos/promo/diablo3-promo.m3u8,promo/diablo3-promo.m3u8,.m3u8,269,,,,assets/videos/promo/diablo3-promo.m3u8,https://media.jazimportfolio.com/assets/videos/promo/diablo3-promo.m3u8
public/assets/videos/promo/diablo3-promo_000.ts,promo/diablo3-promo_000.ts,.ts,2003704,bfb930723a3b4b87f81553999ebe5ff9102128d16beec4c49595bb9acc9fe597,promo/diablo3-promo.m3u8,diablo3-promo_000.ts,assets/videos/promo/diablo3-promo_000.ts,https://media.jazimportfolio.com/assets/videos/promo/diablo3-promo_000.ts
public/assets/videos/promo/diablo3-promo_001.ts,promo/diablo3-promo_001.ts,.ts,1761372,84b7f8406ccdd742cbf24ed34e8eb8aa056eddc5a25cd56e061f18136b8b8d9c,promo/diablo3-promo.m3u8,diablo3-promo_001.ts,assets/videos/promo/diablo3-promo_001.ts,https://media.jazimportfolio.com/assets/videos/promo/diablo3-promo_001.ts
public/assets/videos/promo/diablo3-promo_002.ts,promo/diablo3-promo_002.ts,.ts,1075924,cd22fe63c9b4bce97f1dc93c2ace2074147fd5a17c7a43fb651932c7f552b10a,promo/diablo3-promo.m3u8,diablo3-promo_002.ts,assets/videos/promo/diablo3-promo_002.ts,https://media.jazimportfolio.com/assets/videos/promo/diablo3-promo_002.ts
public/assets/videos/promo/diablo3-promo_003.ts,promo/diablo3-promo_003.ts,.ts,671912,1d4496c5ae50f71d8444fb88c4cea68b211a479b1e9fd8e7f5e90746f4583814,promo/diablo3-promo.m3u8,diablo3-promo_003.ts,assets/videos/promo/diablo3-promo_003.ts,https://media.jazimportfolio.com/assets/videos/promo/diablo3-promo_003.ts
public/assets/videos/promo/forgotten-sea-promo.m3u8,promo/forgotten-sea-promo.m3u8,.m3u8,428,,,,assets/videos/promo/forgotten-sea-promo.m3u8,https://media.jazimportfolio.com/assets/videos/promo/forgotten-sea-promo.m3u8
public/assets/videos/promo/forgotten-sea-promo_000.ts,promo/forgotten-sea-promo_000.ts,.ts,2965136,0066dae877260a7f0490f900f4c49d655cdeb22ed44a79d5ab08a0fc298330c1,promo/forgotten-sea-promo.m3u8,forgotten-sea-promo_000.ts,assets/videos/promo/forgotten-sea-promo_000.ts,https://media.jazimportfolio.com/assets/videos/promo/forgotten-sea-promo_000.ts
public/assets/videos/promo/forgotten-sea-promo_001.ts,promo/forgotten-sea-promo_001.ts,.ts,3051052,2d6b25514ef0fc914c825313d9247ab9ed78327e98f8d0c6a5f287213404f502,promo/forgotten-sea-promo.m3u8,forgotten-sea-promo_001.ts,assets/videos/promo/forgotten-sea-promo_001.ts,https://media.jazimportfolio.com/assets/videos/promo/forgotten-sea-promo_001.ts
public/assets/videos/promo/forgotten-sea-promo_002.ts,promo/forgotten-sea-promo_002.ts,.ts,4389612,4c4c91f58f22dcf9cdc7237f3237f88537cb0b4883cd80f9a27fd80218a5fa41,promo/forgotten-sea-promo.m3u8,forgotten-sea-promo_002.ts,assets/videos/promo/forgotten-sea-promo_002.ts,https://media.jazimportfolio.com/assets/videos/promo/forgotten-sea-promo_002.ts
public/assets/videos/promo/forgotten-sea-promo_003.ts,promo/forgotten-sea-promo_003.ts,.ts,2528600,508e048a9d9c9ce184d4fbd071aa83b3f4d7b053966dd481e847c680c50d20ce,promo/forgotten-sea-promo.m3u8,forgotten-sea-promo_003.ts,assets/videos/promo/forgotten-sea-promo_003.ts,https://media.jazimportfolio.com/assets/videos/promo/forgotten-sea-promo_003.ts
public/assets/videos/promo/forgotten-sea-promo_004.ts,promo/forgotten-sea-promo_004.ts,.ts,4450336,3b2e6e09cdca31238c1b4d9d5aeec43cc35dacdaa1b0456e42e6346274ea06c3,promo/forgotten-sea-promo.m3u8,forgotten-sea-promo_004.ts,assets/videos/promo/forgotten-sea-promo_004.ts,https://media.jazimportfolio.com/assets/videos/promo/forgotten-sea-promo_004.ts
public/assets/videos/promo/forgotten-sea-promo_005.ts,promo/forgotten-sea-promo_005.ts,.ts,1679404,15616006d39f30e3c5919dbe85e87420d20eb31f4980967f63c776fc973fbbda,promo/forgotten-sea-promo.m3u8,forgotten-sea-promo_005.ts,assets/videos/promo/forgotten-sea-promo_005.ts,https://media.jazimportfolio.com/assets/videos/promo/forgotten-sea-promo_005.ts
public/assets/videos/promo/forgotten-sea-promo_006.ts,promo/forgotten-sea-promo_006.ts,.ts,155476,28c06ba178286447649e79f19a62e7062dfe596d329aa575d5e757569a0cc109,promo/forgotten-sea-promo.m3u8,forgotten-sea-promo_006.ts,assets/videos/promo/forgotten-sea-promo_006.ts,https://media.jazimportfolio.com/assets/videos/promo/forgotten-sea-promo_006.ts
public/assets/videos/promo/headshot-xmt-promo.m3u8,promo/headshot-xmt-promo.m3u8,.m3u8,687,,,,assets/videos/promo/headshot-xmt-promo.m3u8,https://media.jazimportfolio.com/assets/videos/promo/headshot-xmt-promo.m3u8
public/assets/videos/promo/headshot-xmt-promo_000.ts,promo/headshot-xmt-promo_000.ts,.ts,1021404,edc1dd436f9bc77ca6bc0c2ca66f789165c48490655566038ec35713888f4fe5,promo/headshot-xmt-promo.m3u8,headshot-xmt-promo_000.ts,assets/videos/promo/headshot-xmt-promo_000.ts,https://media.jazimportfolio.com/assets/videos/promo/headshot-xmt-promo_000.ts
public/assets/videos/promo/headshot-xmt-promo_001.ts,promo/headshot-xmt-promo_001.ts,.ts,681500,787a9c14049131438e97cafadd3ced9f7a1154bc7a888caef9da11858bc10c12,promo/headshot-xmt-promo.m3u8,headshot-xmt-promo_001.ts,assets/videos/promo/headshot-xmt-promo_001.ts,https://media.jazimportfolio.com/assets/videos/promo/headshot-xmt-promo_001.ts
public/assets/videos/promo/headshot-xmt-promo_002.ts,promo/headshot-xmt-promo_002.ts,.ts,687140,9f7e90b1f3553bcd03bf5bd1f4389af68faa9975d47352492b8354c917087b65,promo/headshot-xmt-promo.m3u8,headshot-xmt-promo_002.ts,assets/videos/promo/headshot-xmt-promo_002.ts,https://media.jazimportfolio.com/assets/videos/promo/headshot-xmt-promo_002.ts
public/assets/videos/promo/headshot-xmt-promo_003.ts,promo/headshot-xmt-promo_003.ts,.ts,199092,df4f42712fa5d27312ed70bb512940e5d628b26a4b3c493a6bc9e48e1c38a6c3,promo/headshot-xmt-promo.m3u8,headshot-xmt-promo_003.ts,assets/videos/promo/headshot-xmt-promo_003.ts,https://media.jazimportfolio.com/assets/videos/promo/headshot-xmt-promo_003.ts
public/assets/videos/promo/headshot-xmt-promo_004.ts,promo/headshot-xmt-promo_004.ts,.ts,188000,6c220bde297ba9855c176272329a36054cb2e6334b6e0e9e96af7ce3af2eac9a,promo/headshot-xmt-promo.m3u8,headshot-xmt-promo_004.ts,assets/videos/promo/headshot-xmt-promo_004.ts,https://media.jazimportfolio.com/assets/videos/promo/headshot-xmt-promo_004.ts
public/assets/videos/promo/headshot-xmt-promo_005.ts,promo/headshot-xmt-promo_005.ts,.ts,629988,6e869df09da073e4fe25d312415a576c9da69b64205089d1b99d6e721df1f134,promo/headshot-xmt-promo.m3u8,headshot-xmt-promo_005.ts,assets/videos/promo/headshot-xmt-promo_005.ts,https://media.jazimportfolio.com/assets/videos/promo/headshot-xmt-promo_005.ts
public/assets/videos/promo/headshot-xmt-promo_006.ts,promo/headshot-xmt-promo_006.ts,.ts,847316,263a1f53bb2c0bbadca9b9aca04ec5f3fca658727e7253be85269537e63c628f,promo/headshot-xmt-promo.m3u8,headshot-xmt-promo_006.ts,assets/videos/promo/headshot-xmt-promo_006.ts,https://media.jazimportfolio.com/assets/videos/promo/headshot-xmt-promo_006.ts
public/assets/videos/promo/headshot-xmt-promo_007.ts,promo/headshot-xmt-promo_007.ts,.ts,361900,9041775df907a8e3678124aeeddc79eb773f2f2f9325a883cdc8edf7e7405356,promo/headshot-xmt-promo.m3u8,headshot-xmt-promo_007.ts,assets/videos/promo/headshot-xmt-promo_007.ts,https://media.jazimportfolio.com/assets/videos/promo/headshot-xmt-promo_007.ts
public/assets/videos/promo/headshot-xmt-promo_008.ts,promo/headshot-xmt-promo_008.ts,.ts,1968172,6e6a359bce108f5ef960b5717dec27bb188fe1403b4f07852af3a2f26a89a404,promo/headshot-xmt-promo.m3u8,headshot-xmt-promo_008.ts,assets/videos/promo/headshot-xmt-promo_008.ts,https://media.jazimportfolio.com/assets/videos/promo/headshot-xmt-promo_008.ts
public/assets/videos/promo/headshot-xmt-promo_009.ts,promo/headshot-xmt-promo_009.ts,.ts,2323868,34fecd3e3d9d0a601455fd79dff3e526462a25f3c86eb1853a6e78bff93e5fd2,promo/headshot-xmt-promo.m3u8,headshot-xmt-promo_009.ts,assets/videos/promo/headshot-xmt-promo_009.ts,https://media.jazimportfolio.com/assets/videos/promo/headshot-xmt-promo_009.ts
public/assets/videos/promo/headshot-xmt-promo_010.ts,promo/headshot-xmt-promo_010.ts,.ts,1660416,85d1d8815bb6cd4395a660b7d518d09050963c93a70d11aece20ca8599e23164,promo/headshot-xmt-promo.m3u8,headshot-xmt-promo_010.ts,assets/videos/promo/headshot-xmt-promo_010.ts,https://media.jazimportfolio.com/assets/videos/promo/headshot-xmt-promo_010.ts
public/assets/videos/promo/headshot-xmt-promo_011.ts,promo/headshot-xmt-promo_011.ts,.ts,3187540,e3a678dfa107155567cf36d4c47c58e208e44ae5e5d33ca8fbfe5c0c4c28ba47,promo/headshot-xmt-promo.m3u8,headshot-xmt-promo_011.ts,assets/videos/promo/headshot-xmt-promo_011.ts,https://media.jazimportfolio.com/assets/videos/promo/headshot-xmt-promo_011.ts
public/assets/videos/promo/headshot-xmt-promo_012.ts,promo/headshot-xmt-promo_012.ts,.ts,473760,d25056ba27139168beaebef103492c10643b3a5992a6d291fcced113523e56ed,promo/headshot-xmt-promo.m3u8,headshot-xmt-promo_012.ts,assets/videos/promo/headshot-xmt-promo_012.ts,https://media.jazimportfolio.com/assets/videos/promo/headshot-xmt-promo_012.ts
public/assets/videos/promo/peak-speed-map-reveal.m3u8,promo/peak-speed-map-reveal.m3u8,.m3u8,536,,,,assets/videos/promo/peak-speed-map-reveal.m3u8,https://media.jazimportfolio.com/assets/videos/promo/peak-speed-map-reveal.m3u8
public/assets/videos/promo/peak-speed-map-reveal_000.ts,promo/peak-speed-map-reveal_000.ts,.ts,2391736,817ec4f4b9aa4f13dc7fe0362aeb48f39240975c8af04c25e1bd230946a8ea88,promo/peak-speed-map-reveal.m3u8,peak-speed-map-reveal_000.ts,assets/videos/promo/peak-speed-map-reveal_000.ts,https://media.jazimportfolio.com/assets/videos/promo/peak-speed-map-reveal_000.ts
public/assets/videos/promo/peak-speed-map-reveal_001.ts,promo/peak-speed-map-reveal_001.ts,.ts,4767868,cf81632cd36a09459fdb0abf36e52fd55d425438c2139ead24d6c251a65fbef4,promo/peak-speed-map-reveal.m3u8,peak-speed-map-reveal_001.ts,assets/videos/promo/peak-speed-map-reveal_001.ts,https://media.jazimportfolio.com/assets/videos/promo/peak-speed-map-reveal_001.ts
public/assets/videos/promo/peak-speed-map-reveal_002.ts,promo/peak-speed-map-reveal_002.ts,.ts,2094508,2b285c1b20b2f851fc87330ab15be17694dda0c6ac1b675893721943dae37380,promo/peak-speed-map-reveal.m3u8,peak-speed-map-reveal_002.ts,assets/videos/promo/peak-speed-map-reveal_002.ts,https://media.jazimportfolio.com/assets/videos/promo/peak-speed-map-reveal_002.ts
public/assets/videos/promo/peak-speed-map-reveal_003.ts,promo/peak-speed-map-reveal_003.ts,.ts,3340760,d9b6bc0d86bb7e9008e7eed91ecd46f81cf777e43420e02320917bc5d92747e8,promo/peak-speed-map-reveal.m3u8,peak-speed-map-reveal_003.ts,assets/videos/promo/peak-speed-map-reveal_003.ts,https://media.jazimportfolio.com/assets/videos/promo/peak-speed-map-reveal_003.ts
public/assets/videos/promo/peak-speed-map-reveal_004.ts,promo/peak-speed-map-reveal_004.ts,.ts,5047988,d6dddd9eda11fe005a2e4bfc6b1c7e3db1693c8fcb1219cb97edef29d4f7020f,promo/peak-speed-map-reveal.m3u8,peak-speed-map-reveal_004.ts,assets/videos/promo/peak-speed-map-reveal_004.ts,https://media.jazimportfolio.com/assets/videos/promo/peak-speed-map-reveal_004.ts
public/assets/videos/promo/peak-speed-map-reveal_005.ts,promo/peak-speed-map-reveal_005.ts,.ts,3747216,5fd31d2e16584ca4323a39e4fa49bdd3a1da6c57fce126a35209287f63d08a9f,promo/peak-speed-map-reveal.m3u8,peak-speed-map-reveal_005.ts,assets/videos/promo/peak-speed-map-reveal_005.ts,https://media.jazimportfolio.com/assets/videos/promo/peak-speed-map-reveal_005.ts
public/assets/videos/promo/peak-speed-map-reveal_006.ts,promo/peak-speed-map-reveal_006.ts,.ts,2722992,8a75d28d6a3eec5fd1be388c64d451f91ca61cd7e43419c9760f68376d744203,promo/peak-speed-map-reveal.m3u8,peak-speed-map-reveal_006.ts,assets/videos/promo/peak-speed-map-reveal_006.ts,https://media.jazimportfolio.com/assets/videos/promo/peak-speed-map-reveal_006.ts
public/assets/videos/promo/peak-speed-map-reveal_007.ts,promo/peak-speed-map-reveal_007.ts,.ts,4387168,9d17b837dcf6b0ecb095ee99d575a7c7d1d8f5007e6d8f3619dcdb4c80caa10f,promo/peak-speed-map-reveal.m3u8,peak-speed-map-reveal_007.ts,assets/videos/promo/peak-speed-map-reveal_007.ts,https://media.jazimportfolio.com/assets/videos/promo/peak-speed-map-reveal_007.ts
public/assets/videos/promo/peak-speed-map-reveal_008.ts,promo/peak-speed-map-reveal_008.ts,.ts,4676312,5c58d3da88a83037a62653009026a671c84a54e4074bdffe39744685da597738,promo/peak-speed-map-reveal.m3u8,peak-speed-map-reveal_008.ts,assets/videos/promo/peak-speed-map-reveal_008.ts,https://media.jazimportfolio.com/assets/videos/promo/peak-speed-map-reveal_008.ts
public/assets/videos/qingnv/qingnv-guild-arena.m3u8,qingnv/qingnv-guild-arena.m3u8,.m3u8,201,,,,assets/videos/qingnv/qingnv-guild-arena.m3u8,https://media.jazimportfolio.com/assets/videos/qingnv/qingnv-guild-arena.m3u8
public/assets/videos/qingnv/qingnv-guild-arena_000.ts,qingnv/qingnv-guild-arena_000.ts,.ts,8492524,578e4a219d2defadb007fc7671b31feef29046a2a17f76b5a01b9e063cc6b2be,qingnv/qingnv-guild-arena.m3u8,qingnv-guild-arena_000.ts,assets/videos/qingnv/qingnv-guild-arena_000.ts,https://media.jazimportfolio.com/assets/videos/qingnv/qingnv-guild-arena_000.ts
public/assets/videos/qingnv/qingnv-guild-arena_001.ts,qingnv/qingnv-guild-arena_001.ts,.ts,2455656,5405030463787eb1addffe4bc44104e0690171654680af0d88b868d89c811775,qingnv/qingnv-guild-arena.m3u8,qingnv-guild-arena_001.ts,assets/videos/qingnv/qingnv-guild-arena_001.ts,https://media.jazimportfolio.com/assets/videos/qingnv/qingnv-guild-arena_001.ts
public/assets/videos/qingnv/qingnv-national-cup.m3u8,qingnv/qingnv-national-cup.m3u8,.m3u8,248,,,,assets/videos/qingnv/qingnv-national-cup.m3u8,https://media.jazimportfolio.com/assets/videos/qingnv/qingnv-national-cup.m3u8
public/assets/videos/qingnv/qingnv-national-cup_000.ts,qingnv/qingnv-national-cup_000.ts,.ts,7073124,a3bdb5bda35030e59966065ab9a738a91f1710310f902782ac1828bd9f4c0a89,qingnv/qingnv-national-cup.m3u8,qingnv-national-cup_000.ts,assets/videos/qingnv/qingnv-national-cup_000.ts,https://media.jazimportfolio.com/assets/videos/qingnv/qingnv-national-cup_000.ts
public/assets/videos/qingnv/qingnv-national-cup_001.ts,qingnv/qingnv-national-cup_001.ts,.ts,5250276,80f3ae84af9e86c7714a09b3e7ccf5482b1b1cb9fe0bdb675f8107a805508950,qingnv/qingnv-national-cup.m3u8,qingnv-national-cup_001.ts,assets/videos/qingnv/qingnv-national-cup_001.ts,https://media.jazimportfolio.com/assets/videos/qingnv/qingnv-national-cup_001.ts
public/assets/videos/qingnv/qingnv-national-cup_002.ts,qingnv/qingnv-national-cup_002.ts,.ts,2775068,b42bdb83e5fe8a7098344bf353198c43a4f79c0b187165f7ff0f71d9bd4f0e6f,qingnv/qingnv-national-cup.m3u8,qingnv-national-cup_002.ts,assets/videos/qingnv/qingnv-national-cup_002.ts,https://media.jazimportfolio.com/assets/videos/qingnv/qingnv-national-cup_002.ts
public/assets/videos/rd/rd-mini-program.m3u8,rd/rd-mini-program.m3u8,.m3u8,154,,,,assets/videos/rd/rd-mini-program.m3u8,https://media.jazimportfolio.com/assets/videos/rd/rd-mini-program.m3u8
public/assets/videos/rd/rd-mini-program_000.ts,rd/rd-mini-program_000.ts,.ts,617016,ec2ce559c9bcd34f83aa15bb24087c8aaac2cb3c2c94a7afd79916523f84fd08,rd/rd-mini-program.m3u8,rd-mini-program_000.ts,assets/videos/rd/rd-mini-program_000.ts,https://media.jazimportfolio.com/assets/videos/rd/rd-mini-program_000.ts
public/assets/videos/rd/rd-official-demo.m3u8,rd/rd-official-demo.m3u8,.m3u8,617,,,,assets/videos/rd/rd-official-demo.m3u8,https://media.jazimportfolio.com/assets/videos/rd/rd-official-demo.m3u8
public/assets/videos/rd/rd-official-demo_000.ts,rd/rd-official-demo_000.ts,.ts,3851368,08df49526a558bff7b9f904a8bc24e9fa3bb9479cc77f0d0d0bb2eb00b3b1b32,rd/rd-official-demo.m3u8,rd-official-demo_000.ts,assets/videos/rd/rd-official-demo_000.ts,https://media.jazimportfolio.com/assets/videos/rd/rd-official-demo_000.ts
public/assets/videos/rd/rd-official-demo_001.ts,rd/rd-official-demo_001.ts,.ts,4512564,1d3341be3602c12a338233c7e813efb4f92a0a9b05a16b300b13462ed33ce438,rd/rd-official-demo.m3u8,rd-official-demo_001.ts,assets/videos/rd/rd-official-demo_001.ts,https://media.jazimportfolio.com/assets/videos/rd/rd-official-demo_001.ts
public/assets/videos/rd/rd-official-demo_002.ts,rd/rd-official-demo_002.ts,.ts,4747000,30879715f2f264c05d854a50abd9045fa0f0ca74b316f0083c860fffd48c9e11,rd/rd-official-demo.m3u8,rd-official-demo_002.ts,assets/videos/rd/rd-official-demo_002.ts,https://media.jazimportfolio.com/assets/videos/rd/rd-official-demo_002.ts
public/assets/videos/rd/rd-official-demo_003.ts,rd/rd-official-demo_003.ts,.ts,6216784,c7da1cdbf95b799c76dd005b933b2fb76a3a9a5d9bbf450a22056673ba1eb486,rd/rd-official-demo.m3u8,rd-official-demo_003.ts,assets/videos/rd/rd-official-demo_003.ts,https://media.jazimportfolio.com/assets/videos/rd/rd-official-demo_003.ts
public/assets/videos/rd/rd-official-demo_004.ts,rd/rd-official-demo_004.ts,.ts,3902880,6d45d1fb104b1d8dc904978e285225447f27d898c61b792b340de98b638b1036,rd/rd-official-demo.m3u8,rd-official-demo_004.ts,assets/videos/rd/rd-official-demo_004.ts,https://media.jazimportfolio.com/assets/videos/rd/rd-official-demo_004.ts
public/assets/videos/rd/rd-official-demo_005.ts,rd/rd-official-demo_005.ts,.ts,3759248,32a31b48cf9315044a1a21f172172799a5ee60f16cc05e4e5acc35bc60eecf01,rd/rd-official-demo.m3u8,rd-official-demo_005.ts,assets/videos/rd/rd-official-demo_005.ts,https://media.jazimportfolio.com/assets/videos/rd/rd-official-demo_005.ts
public/assets/videos/rd/rd-official-demo_006.ts,rd/rd-official-demo_006.ts,.ts,2492692,f8f23c78f5de99de5b892ad6a76694c70cd30ff22c1d2849e23f958d801a881d,rd/rd-official-demo.m3u8,rd-official-demo_006.ts,assets/videos/rd/rd-official-demo_006.ts,https://media.jazimportfolio.com/assets/videos/rd/rd-official-demo_006.ts
public/assets/videos/rd/rd-official-demo_007.ts,rd/rd-official-demo_007.ts,.ts,1648384,53dd8929c072e57eff3c06f713ab13a298257d8c42f85a1f0ff5cacd2a02131a,rd/rd-official-demo.m3u8,rd-official-demo_007.ts,assets/videos/rd/rd-official-demo_007.ts,https://media.jazimportfolio.com/assets/videos/rd/rd-official-demo_007.ts
public/assets/videos/rd/rd-official-demo_008.ts,rd/rd-official-demo_008.ts,.ts,1686924,f26ae727a49835e3b42294fb4ec3307f205939b2d230dc0036d04d2ca8411c9a,rd/rd-official-demo.m3u8,rd-official-demo_008.ts,assets/videos/rd/rd-official-demo_008.ts,https://media.jazimportfolio.com/assets/videos/rd/rd-official-demo_008.ts
public/assets/videos/rd/rd-official-demo_009.ts,rd/rd-official-demo_009.ts,.ts,4471956,30ca30d46b89221e9ec6cf443326cf5baad4d280ad68e53ea04ca2dc64cfac13,rd/rd-official-demo.m3u8,rd-official-demo_009.ts,assets/videos/rd/rd-official-demo_009.ts,https://media.jazimportfolio.com/assets/videos/rd/rd-official-demo_009.ts
public/assets/videos/rd/rd-official-demo_010.ts,rd/rd-official-demo_010.ts,.ts,3614676,2c8f65d30fd40fedd56f7b315b0bfd9a6537f4ba6d56160c8926adbc4f3aa38a,rd/rd-official-demo.m3u8,rd-official-demo_010.ts,assets/videos/rd/rd-official-demo_010.ts,https://media.jazimportfolio.com/assets/videos/rd/rd-official-demo_010.ts
public/assets/videos/rd/rd-official-demo_011.ts,rd/rd-official-demo_011.ts,.ts,1939596,c9d026a1f81bc141584918b2e004354e83dd6a09ab5754dce5abc09635c2c9a7,rd/rd-official-demo.m3u8,rd-official-demo_011.ts,assets/videos/rd/rd-official-demo_011.ts,https://media.jazimportfolio.com/assets/videos/rd/rd-official-demo_011.ts
public/assets/videos/README.md,README.md,.md,844,bdf8a8ec837ffb21244408f9fd91a5782816f6dc5126df7759bb019ae71e0b4b,,,assets/videos/README.md,https://media.jazimportfolio.com/assets/videos/README.md
public/assets/videos/social/social-24h-livestream.m3u8,social/social-24h-livestream.m3u8,.m3u8,536,,,,assets/videos/social/social-24h-livestream.m3u8,https://media.jazimportfolio.com/assets/videos/social/social-24h-livestream.m3u8
public/assets/videos/social/social-24h-livestream_000.ts,social/social-24h-livestream_000.ts,.ts,5246704,696b3b7c2654df6fe7a33e66591716bbc8352aaecfb41b3ae3b407c5801f9c03,social/social-24h-livestream.m3u8,social-24h-livestream_000.ts,assets/videos/social/social-24h-livestream_000.ts,https://media.jazimportfolio.com/assets/videos/social/social-24h-livestream_000.ts
public/assets/videos/social/social-24h-livestream_001.ts,social/social-24h-livestream_001.ts,.ts,3452808,7aa70f62db422e29859a0ee0f68273e7a0e09a68b9df8e93a70f3a419416a4cd,social/social-24h-livestream.m3u8,social-24h-livestream_001.ts,assets/videos/social/social-24h-livestream_001.ts,https://media.jazimportfolio.com/assets/videos/social/social-24h-livestream_001.ts
public/assets/videos/social/social-24h-livestream_002.ts,social/social-24h-livestream_002.ts,.ts,3683296,59691a1dec10771c85cb925705cc128bf1f1ce699dac68a08adcdf30513247e5,social/social-24h-livestream.m3u8,social-24h-livestream_002.ts,assets/videos/social/social-24h-livestream_002.ts,https://media.jazimportfolio.com/assets/videos/social/social-24h-livestream_002.ts
public/assets/videos/social/social-24h-livestream_003.ts,social/social-24h-livestream_003.ts,.ts,3695140,f8c98ee6cf07948169fd71c76aadb697a680e96d56de4d34091207ce51dcdf44,social/social-24h-livestream.m3u8,social-24h-livestream_003.ts,assets/videos/social/social-24h-livestream_003.ts,https://media.jazimportfolio.com/assets/videos/social/social-24h-livestream_003.ts
public/assets/videos/social/social-24h-livestream_004.ts,social/social-24h-livestream_004.ts,.ts,7028944,b204635e7a6801885f60bb0a9e40829e5c78901ee2acf11c2c7d8f1709c05cd9,social/social-24h-livestream.m3u8,social-24h-livestream_004.ts,assets/videos/social/social-24h-livestream_004.ts,https://media.jazimportfolio.com/assets/videos/social/social-24h-livestream_004.ts
public/assets/videos/social/social-24h-livestream_005.ts,social/social-24h-livestream_005.ts,.ts,6440128,78fd1314926c50293fee84d6b8f2d6dec50affd53951d1d829eb4ca534c30560,social/social-24h-livestream.m3u8,social-24h-livestream_005.ts,assets/videos/social/social-24h-livestream_005.ts,https://media.jazimportfolio.com/assets/videos/social/social-24h-livestream_005.ts
public/assets/videos/social/social-24h-livestream_006.ts,social/social-24h-livestream_006.ts,.ts,5352924,b20c8159623c0f8cc2c62e59089c2b3cfe42ffbaf04d155b4fe2af4e843bad5a,social/social-24h-livestream.m3u8,social-24h-livestream_006.ts,assets/videos/social/social-24h-livestream_006.ts,https://media.jazimportfolio.com/assets/videos/social/social-24h-livestream_006.ts
public/assets/videos/social/social-24h-livestream_007.ts,social/social-24h-livestream_007.ts,.ts,4126224,92ca18d28d40cc4569af62ae1d1c92b6943b0e54fa2285a6b8cf75025b51580d,social/social-24h-livestream.m3u8,social-24h-livestream_007.ts,assets/videos/social/social-24h-livestream_007.ts,https://media.jazimportfolio.com/assets/videos/social/social-24h-livestream_007.ts
public/assets/videos/social/social-24h-livestream_008.ts,social/social-24h-livestream_008.ts,.ts,3800608,0ad8c34db1b5b284732a760d17f8f76d0038854376ff2f615879bdbdc933f1ab,social/social-24h-livestream.m3u8,social-24h-livestream_008.ts,assets/videos/social/social-24h-livestream_008.ts,https://media.jazimportfolio.com/assets/videos/social/social-24h-livestream_008.ts
public/assets/videos/social/social-ai-ambition.m3u8,social/social-ai-ambition.m3u8,.m3u8,333,,,,assets/videos/social/social-ai-ambition.m3u8,https://media.jazimportfolio.com/assets/videos/social/social-ai-ambition.m3u8
public/assets/videos/social/social-ai-ambition_000.ts,social/social-ai-ambition_000.ts,.ts,3886148,11812257f78f9dae1608fcc620266810735280106e6e0e19045ebaa40af834b1,social/social-ai-ambition.m3u8,social-ai-ambition_000.ts,assets/videos/social/social-ai-ambition_000.ts,https://media.jazimportfolio.com/assets/videos/social/social-ai-ambition_000.ts
public/assets/videos/social/social-ai-ambition_001.ts,social/social-ai-ambition_001.ts,.ts,4178300,bdf9d54212b21710084c642117b67ef41de6358b5fef5717b061e874337d6738,social/social-ai-ambition.m3u8,social-ai-ambition_001.ts,assets/videos/social/social-ai-ambition_001.ts,https://media.jazimportfolio.com/assets/videos/social/social-ai-ambition_001.ts
public/assets/videos/social/social-ai-ambition_002.ts,social/social-ai-ambition_002.ts,.ts,4712032,5aa46e3acc484aa2a4af662c67bfc0a5674fac9195fb2b63b15a463d7d1b62bc,social/social-ai-ambition.m3u8,social-ai-ambition_002.ts,assets/videos/social/social-ai-ambition_002.ts,https://media.jazimportfolio.com/assets/videos/social/social-ai-ambition_002.ts
public/assets/videos/social/social-ai-ambition_003.ts,social/social-ai-ambition_003.ts,.ts,3364636,5550f91fea4c7d1a08c2a6939c4d6ebe6e3a6619e624e6c0e5e9bd240fc50ba0,social/social-ai-ambition.m3u8,social-ai-ambition_003.ts,assets/videos/social/social-ai-ambition_003.ts,https://media.jazimportfolio.com/assets/videos/social/social-ai-ambition_003.ts
public/assets/videos/social/social-ai-ambition_004.ts,social/social-ai-ambition_004.ts,.ts,1548932,7f776ce7bc1bf961a79f3f9cd21110663ae52a1b3dbc75673a0afda671eb8047,social/social-ai-ambition.m3u8,social-ai-ambition_004.ts,assets/videos/social/social-ai-ambition_004.ts,https://media.jazimportfolio.com/assets/videos/social/social-ai-ambition_004.ts
public/assets/videos/social/social-ai-fatcat.m3u8,social/social-ai-fatcat.m3u8,.m3u8,281,,,,assets/videos/social/social-ai-fatcat.m3u8,https://media.jazimportfolio.com/assets/videos/social/social-ai-fatcat.m3u8
public/assets/videos/social/social-ai-fatcat_000.ts,social/social-ai-fatcat_000.ts,.ts,7185736,6616d8a708b0331ae72ff6ab2d6c9966235cd8482915f524dd9247cc25f4e348,social/social-ai-fatcat.m3u8,social-ai-fatcat_000.ts,assets/videos/social/social-ai-fatcat_000.ts,https://media.jazimportfolio.com/assets/videos/social/social-ai-fatcat_000.ts
public/assets/videos/social/social-ai-fatcat_001.ts,social/social-ai-fatcat_001.ts,.ts,683380,872339dec4837777867dd5c9236798c5585c981d45c2e0e42e7ab09505b368d7,social/social-ai-fatcat.m3u8,social-ai-fatcat_001.ts,assets/videos/social/social-ai-fatcat_001.ts,https://media.jazimportfolio.com/assets/videos/social/social-ai-fatcat_001.ts
public/assets/videos/social/social-ai-fatcat_002.ts,social/social-ai-fatcat_002.ts,.ts,3932020,a52fc26583c88c907d494bab3c9133bf1b63e961effeb03d89eccc8084cb8e48,social/social-ai-fatcat.m3u8,social-ai-fatcat_002.ts,assets/videos/social/social-ai-fatcat_002.ts,https://media.jazimportfolio.com/assets/videos/social/social-ai-fatcat_002.ts
public/assets/videos/social/social-ai-fatcat_003.ts,social/social-ai-fatcat_003.ts,.ts,3799480,4c0420373ca01936783ab495f85824047b4bc3411406ca82cf2cec4a71ea6d3a,social/social-ai-fatcat.m3u8,social-ai-fatcat_003.ts,assets/videos/social/social-ai-fatcat_003.ts,https://media.jazimportfolio.com/assets/videos/social/social-ai-fatcat_003.ts
public/assets/videos/social/social-downed-rescue.m3u8,social/social-downed-rescue.m3u8,.m3u8,343,,,,assets/videos/social/social-downed-rescue.m3u8,https://media.jazimportfolio.com/assets/videos/social/social-downed-rescue.m3u8
public/assets/videos/social/social-downed-rescue_000.ts,social/social-downed-rescue_000.ts,.ts,1458504,c3dd928945cadae7d91af4f03bd17e903a7e3a6ed55b8f4d2e0a7200b972e2e1,social/social-downed-rescue.m3u8,social-downed-rescue_000.ts,assets/videos/social/social-downed-rescue_000.ts,https://media.jazimportfolio.com/assets/videos/social/social-downed-rescue_000.ts
public/assets/videos/social/social-downed-rescue_001.ts,social/social-downed-rescue_001.ts,.ts,2010472,92153cb5221598dd32adaefe23e7348671af0dc0d12b9f6593947474bd7b5a09,social/social-downed-rescue.m3u8,social-downed-rescue_001.ts,assets/videos/social/social-downed-rescue_001.ts,https://media.jazimportfolio.com/assets/videos/social/social-downed-rescue_001.ts
public/assets/videos/social/social-downed-rescue_002.ts,social/social-downed-rescue_002.ts,.ts,2298488,ea6297c1f743a193b1a4a89b0ce060f2c17ac3f32c58e079f80527acfd4f7d6d,social/social-downed-rescue.m3u8,social-downed-rescue_002.ts,assets/videos/social/social-downed-rescue_002.ts,https://media.jazimportfolio.com/assets/videos/social/social-downed-rescue_002.ts
public/assets/videos/social/social-downed-rescue_003.ts,social/social-downed-rescue_003.ts,.ts,1715500,da2440c4fbd06be7c77bc385a61f80f3ba524a487f2c3d3216f76c3f502763b9,social/social-downed-rescue.m3u8,social-downed-rescue_003.ts,assets/videos/social/social-downed-rescue_003.ts,https://media.jazimportfolio.com/assets/videos/social/social-downed-rescue_003.ts
public/assets/videos/social/social-downed-rescue_004.ts,social/social-downed-rescue_004.ts,.ts,1064080,162ce17f128984ff44bf82c6fead5ca3cf365b8e9e05a7ef3de7bbb2580dc654,social/social-downed-rescue.m3u8,social-downed-rescue_004.ts,assets/videos/social/social-downed-rescue_004.ts,https://media.jazimportfolio.com/assets/videos/social/social-downed-rescue_004.ts
public/assets/videos/social/social-easy-cut.m3u8,social/social-easy-cut.m3u8,.m3u8,236,,,,assets/videos/social/social-easy-cut.m3u8,https://media.jazimportfolio.com/assets/videos/social/social-easy-cut.m3u8
public/assets/videos/social/social-easy-cut_000.ts,social/social-easy-cut_000.ts,.ts,5479260,27be5f61e88bbc2e9212572d44694eb7104843ea25203341785bdc6da5a09f71,social/social-easy-cut.m3u8,social-easy-cut_000.ts,assets/videos/social/social-easy-cut_000.ts,https://media.jazimportfolio.com/assets/videos/social/social-easy-cut_000.ts
public/assets/videos/social/social-easy-cut_001.ts,social/social-easy-cut_001.ts,.ts,4430408,b01cfc239dcbf43337027fc9034fbd8d23598942c71f1b6e9c47b8672cbf5264,social/social-easy-cut.m3u8,social-easy-cut_001.ts,assets/videos/social/social-easy-cut_001.ts,https://media.jazimportfolio.com/assets/videos/social/social-easy-cut_001.ts
public/assets/videos/social/social-easy-cut_002.ts,social/social-easy-cut_002.ts,.ts,3358996,51d2103d6f437ca1b7113dcbddd23164f28090e92131f62c41f8957d756adeef,social/social-easy-cut.m3u8,social-easy-cut_002.ts,assets/videos/social/social-easy-cut_002.ts,https://media.jazimportfolio.com/assets/videos/social/social-easy-cut_002.ts
public/assets/videos/social/social-english-corner.m3u8,social/social-english-corner.m3u8,.m3u8,254,,,,assets/videos/social/social-english-corner.m3u8,https://media.jazimportfolio.com/assets/videos/social/social-english-corner.m3u8
public/assets/videos/social/social-english-corner_000.ts,social/social-english-corner_000.ts,.ts,2235132,27d2c20df6497f4d5626bbdb508a5a260473e68754217e0910e625a94e78f650,social/social-english-corner.m3u8,social-english-corner_000.ts,assets/videos/social/social-english-corner_000.ts,https://media.jazimportfolio.com/assets/videos/social/social-english-corner_000.ts
public/assets/videos/social/social-english-corner_001.ts,social/social-english-corner_001.ts,.ts,2456972,3c021b0cddf2763c5bd240f2b8329c2ed07f61cabe992afcc0eefc2584a8bd4d,social/social-english-corner.m3u8,social-english-corner_001.ts,assets/videos/social/social-english-corner_001.ts,https://media.jazimportfolio.com/assets/videos/social/social-english-corner_001.ts
public/assets/videos/social/social-english-corner_002.ts,social/social-english-corner_002.ts,.ts,124080,85c2cfc264e8e0e75d8602e71c15b9b681c4522bb4febc8e74539e10de611f9f,social/social-english-corner.m3u8,social-english-corner_002.ts,assets/videos/social/social-english-corner_002.ts,https://media.jazimportfolio.com/assets/videos/social/social-english-corner_002.ts
public/assets/videos/social/social-essay.m3u8,social/social-essay.m3u8,.m3u8,455,,,,assets/videos/social/social-essay.m3u8,https://media.jazimportfolio.com/assets/videos/social/social-essay.m3u8
public/assets/videos/social/social-essay_000.ts,social/social-essay_000.ts,.ts,4137128,3232df53a817dc1730cf449bfa665f973b64b7d7348a1fa3256b8e1fb0bca5c9,social/social-essay.m3u8,social-essay_000.ts,assets/videos/social/social-essay_000.ts,https://media.jazimportfolio.com/assets/videos/social/social-essay_000.ts
public/assets/videos/social/social-essay_001.ts,social/social-essay_001.ts,.ts,2367672,6ceec0fed0488ef56fd16e2c16e063e2c2bbb0d135270dc49372274ef1446ddf,social/social-essay.m3u8,social-essay_001.ts,assets/videos/social/social-essay_001.ts,https://media.jazimportfolio.com/assets/videos/social/social-essay_001.ts
public/assets/videos/social/social-essay_002.ts,social/social-essay_002.ts,.ts,2353948,4af5bfa4807bfba2613ce33bcbfd475b19b9efc2936af019b7e887fb80be8e78,social/social-essay.m3u8,social-essay_002.ts,assets/videos/social/social-essay_002.ts,https://media.jazimportfolio.com/assets/videos/social/social-essay_002.ts
public/assets/videos/social/social-essay_003.ts,social/social-essay_003.ts,.ts,4593968,817674f755d808e94857e694862c350a28f8a2ddaa43b417ef74b72232345372,social/social-essay.m3u8,social-essay_003.ts,assets/videos/social/social-essay_003.ts,https://media.jazimportfolio.com/assets/videos/social/social-essay_003.ts
public/assets/videos/social/social-essay_004.ts,social/social-essay_004.ts,.ts,2073264,5b5e4e01e81d002ab7251496debb0f6c050c10398c1c914c3aa66e5f83aad175,social/social-essay.m3u8,social-essay_004.ts,assets/videos/social/social-essay_004.ts,https://media.jazimportfolio.com/assets/videos/social/social-essay_004.ts
public/assets/videos/social/social-essay_005.ts,social/social-essay_005.ts,.ts,2120264,01fd0e57f0e574b619d75ccaf92b056d684ac843b408da3847b16d34fe4c3481,social/social-essay.m3u8,social-essay_005.ts,assets/videos/social/social-essay_005.ts,https://media.jazimportfolio.com/assets/videos/social/social-essay_005.ts
public/assets/videos/social/social-essay_006.ts,social/social-essay_006.ts,.ts,4556556,4afc6e33f186572bb7122c45d66e7b1b5109130f5f4077f44dd6dda7a1b1b093,social/social-essay.m3u8,social-essay_006.ts,assets/videos/social/social-essay_006.ts,https://media.jazimportfolio.com/assets/videos/social/social-essay_006.ts
public/assets/videos/social/social-essay_007.ts,social/social-essay_007.ts,.ts,3058008,50d6ea9a9fe225b8ba17ca45f99e55b365f174b5ef55fecc4d52ad674eaa5367,social/social-essay.m3u8,social-essay_007.ts,assets/videos/social/social-essay_007.ts,https://media.jazimportfolio.com/assets/videos/social/social-essay_007.ts
public/assets/videos/social/social-essay_008.ts,social/social-essay_008.ts,.ts,1119916,b13a1f3395bb82d155e93f8c36ca0eb233d025d9a7376818ecdceb348de9b419,social/social-essay.m3u8,social-essay_008.ts,assets/videos/social/social-essay_008.ts,https://media.jazimportfolio.com/assets/videos/social/social-essay_008.ts
public/assets/videos/social/social-framed.m3u8,social/social-framed.m3u8,.m3u8,308,,,,assets/videos/social/social-framed.m3u8,https://media.jazimportfolio.com/assets/videos/social/social-framed.m3u8
public/assets/videos/social/social-framed_000.ts,social/social-framed_000.ts,.ts,9522952,3087bc47325cea408d1aaef662e4bb5a16a3db1830269798fadf6661ed821417,social/social-framed.m3u8,social-framed_000.ts,assets/videos/social/social-framed_000.ts,https://media.jazimportfolio.com/assets/videos/social/social-framed_000.ts
public/assets/videos/social/social-framed_001.ts,social/social-framed_001.ts,.ts,8025344,3e43c4de98997e1fa5702e2c3db1386fd9a91a12ab0af84c890060b17f98965c,social/social-framed.m3u8,social-framed_001.ts,assets/videos/social/social-framed_001.ts,https://media.jazimportfolio.com/assets/videos/social/social-framed_001.ts
public/assets/videos/social/social-framed_002.ts,social/social-framed_002.ts,.ts,2920204,56d5045f5a65c98d4c7d28cb3d04a8b4a78a164762ea8b8075741966dfba83e4,social/social-framed.m3u8,social-framed_002.ts,assets/videos/social/social-framed_002.ts,https://media.jazimportfolio.com/assets/videos/social/social-framed_002.ts
public/assets/videos/social/social-framed_003.ts,social/social-framed_003.ts,.ts,6436744,824f5ded22232366d9d4fa2442205c27c790e92bbfe01288deb069920356fd17,social/social-framed.m3u8,social-framed_003.ts,assets/videos/social/social-framed_003.ts,https://media.jazimportfolio.com/assets/videos/social/social-framed_003.ts
public/assets/videos/social/social-framed_004.ts,social/social-framed_004.ts,.ts,305312,04c519518507fd9e21b78dbca2aaa790f4c48f5bce2d7ca5b6e0b9cfe9a02b63,social/social-framed.m3u8,social-framed_004.ts,assets/videos/social/social-framed_004.ts,https://media.jazimportfolio.com/assets/videos/social/social-framed_004.ts
public/assets/videos/social/social-idv-marketing.m3u8,social/social-idv-marketing.m3u8,.m3u8,435,,,,assets/videos/social/social-idv-marketing.m3u8,https://media.jazimportfolio.com/assets/videos/social/social-idv-marketing.m3u8
public/assets/videos/social/social-idv-marketing_000.ts,social/social-idv-marketing_000.ts,.ts,309072,dc60162e1e9d4ab0909a9b647ae93e2724756ff25d1fd9fbe2b9d1f6cab22a0a,social/social-idv-marketing.m3u8,social-idv-marketing_000.ts,assets/videos/social/social-idv-marketing_000.ts,https://media.jazimportfolio.com/assets/videos/social/social-idv-marketing_000.ts
public/assets/videos/social/social-idv-marketing_001.ts,social/social-idv-marketing_001.ts,.ts,414916,d7bb2e7e953a7ced2c09be80c33a8c9ede21577bb24d3eebb6b8fa36201335ff,social/social-idv-marketing.m3u8,social-idv-marketing_001.ts,assets/videos/social/social-idv-marketing_001.ts,https://media.jazimportfolio.com/assets/videos/social/social-idv-marketing_001.ts
public/assets/videos/social/social-idv-marketing_002.ts,social/social-idv-marketing_002.ts,.ts,847316,baf0967737e6812f2cb808426e8a99a5b62d06d67533ca1eaa675e77525e31dd,social/social-idv-marketing.m3u8,social-idv-marketing_002.ts,assets/videos/social/social-idv-marketing_002.ts,https://media.jazimportfolio.com/assets/videos/social/social-idv-marketing_002.ts
public/assets/videos/social/social-idv-marketing_003.ts,social/social-idv-marketing_003.ts,.ts,209056,bd6d94753e52ef0b0364ad839dafaa6608396ca6f9bbdb14a92d3283b070ef16,social/social-idv-marketing.m3u8,social-idv-marketing_003.ts,assets/videos/social/social-idv-marketing_003.ts,https://media.jazimportfolio.com/assets/videos/social/social-idv-marketing_003.ts
public/assets/videos/social/social-idv-marketing_004.ts,social/social-idv-marketing_004.ts,.ts,444432,ab9a7cf69334b2dc2108663be84a93f48b66c60d2fe50a437d3ebd585d6a9393,social/social-idv-marketing.m3u8,social-idv-marketing_004.ts,assets/videos/social/social-idv-marketing_004.ts,https://media.jazimportfolio.com/assets/videos/social/social-idv-marketing_004.ts
public/assets/videos/social/social-idv-marketing_005.ts,social/social-idv-marketing_005.ts,.ts,467180,d589c828b46e4d75ea8342628828ff9bb431a5182cce8fcca3e184d382ac4ced,social/social-idv-marketing.m3u8,social-idv-marketing_005.ts,assets/videos/social/social-idv-marketing_005.ts,https://media.jazimportfolio.com/assets/videos/social/social-idv-marketing_005.ts
public/assets/videos/social/social-idv-marketing_006.ts,social/social-idv-marketing_006.ts,.ts,241580,d263ff6d644f7a44d237bba1dfd06875b45e592d9f11680c28a9574ce6ebe017,social/social-idv-marketing.m3u8,social-idv-marketing_006.ts,assets/videos/social/social-idv-marketing_006.ts,https://media.jazimportfolio.com/assets/videos/social/social-idv-marketing_006.ts
public/assets/videos/social/social-idv-math.m3u8,social/social-idv-math.m3u8,.m3u8,441,,,,assets/videos/social/social-idv-math.m3u8,https://media.jazimportfolio.com/assets/videos/social/social-idv-math.m3u8
public/assets/videos/social/social-idv-math_000.ts,social/social-idv-math_000.ts,.ts,7113168,447e86d716fe16cf9708f2513aed5978147e40a403105370b35ab85c3127e868,social/social-idv-math.m3u8,social-idv-math_000.ts,assets/videos/social/social-idv-math_000.ts,https://media.jazimportfolio.com/assets/videos/social/social-idv-math_000.ts
public/assets/videos/social/social-idv-math_001.ts,social/social-idv-math_001.ts,.ts,1818148,0b11c50a3cbb7cc22ebcf32cbe795bc9a25539728e9b72c8d7c813342759336a,social/social-idv-math.m3u8,social-idv-math_001.ts,assets/videos/social/social-idv-math_001.ts,https://media.jazimportfolio.com/assets/videos/social/social-idv-math_001.ts
public/assets/videos/social/social-idv-math_002.ts,social/social-idv-math_002.ts,.ts,4388672,b723bf1df283a0d445bbafd51d2750d39f9a2ffbd46bf556d58743279c93aa80,social/social-idv-math.m3u8,social-idv-math_002.ts,assets/videos/social/social-idv-math_002.ts,https://media.jazimportfolio.com/assets/videos/social/social-idv-math_002.ts
public/assets/videos/social/social-idv-math_003.ts,social/social-idv-math_003.ts,.ts,3668820,13b1bf77fb714b45ba8ce7804763f3efee986c8a7b02d2388b0f33f5de3f5839,social/social-idv-math.m3u8,social-idv-math_003.ts,assets/videos/social/social-idv-math_003.ts,https://media.jazimportfolio.com/assets/videos/social/social-idv-math_003.ts
public/assets/videos/social/social-idv-math_004.ts,social/social-idv-math_004.ts,.ts,4521964,ef1d3bafaa485d036c645ea375caacab04fe4a3fd1b8d5b0cb62c45535dc4d5d,social/social-idv-math.m3u8,social-idv-math_004.ts,assets/videos/social/social-idv-math_004.ts,https://media.jazimportfolio.com/assets/videos/social/social-idv-math_004.ts
public/assets/videos/social/social-idv-math_005.ts,social/social-idv-math_005.ts,.ts,1526748,e045c70cbef41236267bcb2b9cf179730a36b6242fc2f04cb5ead4c09aef7cb7,social/social-idv-math.m3u8,social-idv-math_005.ts,assets/videos/social/social-idv-math_005.ts,https://media.jazimportfolio.com/assets/videos/social/social-idv-math_005.ts
public/assets/videos/social/social-idv-math_006.ts,social/social-idv-math_006.ts,.ts,4652624,f87acb0fc656226c74c298fe154d6fde114b483237c92b7589ff6e5afacdf379,social/social-idv-math.m3u8,social-idv-math_006.ts,assets/videos/social/social-idv-math_006.ts,https://media.jazimportfolio.com/assets/videos/social/social-idv-math_006.ts
public/assets/videos/social/social-idv-math_007.ts,social/social-idv-math_007.ts,.ts,1441584,4f2855abcf597b77e97e22416584a4dd98ceffeebadef31c8534934e3cc362e4,social/social-idv-math.m3u8,social-idv-math_007.ts,assets/videos/social/social-idv-math_007.ts,https://media.jazimportfolio.com/assets/videos/social/social-idv-math_007.ts
public/assets/videos/social/social-lanv.m3u8,social/social-lanv.m3u8,.m3u8,631,,,,assets/videos/social/social-lanv.m3u8,https://media.jazimportfolio.com/assets/videos/social/social-lanv.m3u8
public/assets/videos/social/social-lanv_000.ts,social/social-lanv_000.ts,.ts,1297012,42b5e4fd90e57d076d558e4c9ef30281176bacf1de5dfb72c3ca8d31e007fb44,social/social-lanv.m3u8,social-lanv_000.ts,assets/videos/social/social-lanv_000.ts,https://media.jazimportfolio.com/assets/videos/social/social-lanv_000.ts
public/assets/videos/social/social-lanv_001.ts,social/social-lanv_001.ts,.ts,855400,5ed8323700a1140b5bee485c3d2f830828273a44041833e98a16c57160601fbc,social/social-lanv.m3u8,social-lanv_001.ts,assets/videos/social/social-lanv_001.ts,https://media.jazimportfolio.com/assets/videos/social/social-lanv_001.ts
public/assets/videos/social/social-lanv_002.ts,social/social-lanv_002.ts,.ts,1503812,5fa2812c54730cd8c88329511200308583c31ed8231e735eded5ddd8bedd25cf,social/social-lanv.m3u8,social-lanv_002.ts,assets/videos/social/social-lanv_002.ts,https://media.jazimportfolio.com/assets/videos/social/social-lanv_002.ts
public/assets/videos/social/social-lanv_003.ts,social/social-lanv_003.ts,.ts,427136,1f7b565af6e027731790d3b51f01035e7466853757cff807f8d069731f3047a5,social/social-lanv.m3u8,social-lanv_003.ts,assets/videos/social/social-lanv_003.ts,https://media.jazimportfolio.com/assets/videos/social/social-lanv_003.ts
public/assets/videos/social/social-lanv_004.ts,social/social-lanv_004.ts,.ts,1297200,ab35fa87dd1de76222d4b3ac689dd09e8ac3aed4201e4991061ff1ef75dcd061,social/social-lanv.m3u8,social-lanv_004.ts,assets/videos/social/social-lanv_004.ts,https://media.jazimportfolio.com/assets/videos/social/social-lanv_004.ts
public/assets/videos/social/social-lanv_005.ts,social/social-lanv_005.ts,.ts,1388192,79542df04214a0eb683803b07a63c2f7d7fbadf7f39ed23d93de64ee566cae5e,social/social-lanv.m3u8,social-lanv_005.ts,assets/videos/social/social-lanv_005.ts,https://media.jazimportfolio.com/assets/videos/social/social-lanv_005.ts
public/assets/videos/social/social-lanv_006.ts,social/social-lanv_006.ts,.ts,1221624,3b6bb66ec82816168f44345a6cfa3c5ae926ff8ceb4badec9b692599f67a7793,social/social-lanv.m3u8,social-lanv_006.ts,assets/videos/social/social-lanv_006.ts,https://media.jazimportfolio.com/assets/videos/social/social-lanv_006.ts
public/assets/videos/social/social-lanv_007.ts,social/social-lanv_007.ts,.ts,2200540,794dd17c71fcecd5eed8437c6962d20d26f9a1b1f2f5f78d89a8c14387074836,social/social-lanv.m3u8,social-lanv_007.ts,assets/videos/social/social-lanv_007.ts,https://media.jazimportfolio.com/assets/videos/social/social-lanv_007.ts
public/assets/videos/social/social-lanv_008.ts,social/social-lanv_008.ts,.ts,595020,a8ee0480ceeaefe70cf52f070b32153ac49ff00345eb70db5bd986c606d0a48c,social/social-lanv.m3u8,social-lanv_008.ts,assets/videos/social/social-lanv_008.ts,https://media.jazimportfolio.com/assets/videos/social/social-lanv_008.ts
public/assets/videos/social/social-lanv_009.ts,social/social-lanv_009.ts,.ts,1252080,5d747f81577142244c98727c22500b6a2e240d496ee6b4c5192bdb016316c2de,social/social-lanv.m3u8,social-lanv_009.ts,assets/videos/social/social-lanv_009.ts,https://media.jazimportfolio.com/assets/videos/social/social-lanv_009.ts
public/assets/videos/social/social-lanv_010.ts,social/social-lanv_010.ts,.ts,509668,acb1d9358b1d94b07766130f2933c7f17c34cedec628dd2d6213e924ece3439c,social/social-lanv.m3u8,social-lanv_010.ts,assets/videos/social/social-lanv_010.ts,https://media.jazimportfolio.com/assets/videos/social/social-lanv_010.ts
public/assets/videos/social/social-lanv_011.ts,social/social-lanv_011.ts,.ts,1044716,8c5f0bc94b882a78a6765614ba7efd8476f716a099b805ac995a826599aca62f,social/social-lanv.m3u8,social-lanv_011.ts,assets/videos/social/social-lanv_011.ts,https://media.jazimportfolio.com/assets/videos/social/social-lanv_011.ts
public/assets/videos/social/social-lanv_012.ts,social/social-lanv_012.ts,.ts,423564,6980376abdea985c681647104bff99630d33e39bc5de9e248c91ff77e77f0048,social/social-lanv.m3u8,social-lanv_012.ts,assets/videos/social/social-lanv_012.ts,https://media.jazimportfolio.com/assets/videos/social/social-lanv_012.ts
public/assets/videos/social/social-lanv_013.ts,social/social-lanv_013.ts,.ts,109040,6cf2651b0041455ac855ee19a63db9d34db78a57f389939f3c5d56762a406a67,social/social-lanv.m3u8,social-lanv_013.ts,assets/videos/social/social-lanv_013.ts,https://media.jazimportfolio.com/assets/videos/social/social-lanv_013.ts
public/assets/videos/social/social-meme-pack.m3u8,social/social-meme-pack.m3u8,.m3u8,239,,,,assets/videos/social/social-meme-pack.m3u8,https://media.jazimportfolio.com/assets/videos/social/social-meme-pack.m3u8
public/assets/videos/social/social-meme-pack_000.ts,social/social-meme-pack_000.ts,.ts,1892220,5dae8a013136b2d88d1ce96ee10ff50cdd2fd970176f29c487cc8f7cda4cc854,social/social-meme-pack.m3u8,social-meme-pack_000.ts,assets/videos/social/social-meme-pack_000.ts,https://media.jazimportfolio.com/assets/videos/social/social-meme-pack_000.ts
public/assets/videos/social/social-meme-pack_001.ts,social/social-meme-pack_001.ts,.ts,1592924,f9d5aa68517ae2c66764b3127e404d8b0544c90d7dc1b402fe988f81497b4404,social/social-meme-pack.m3u8,social-meme-pack_001.ts,assets/videos/social/social-meme-pack_001.ts,https://media.jazimportfolio.com/assets/videos/social/social-meme-pack_001.ts
public/assets/videos/social/social-meme-pack_002.ts,social/social-meme-pack_002.ts,.ts,361524,5d78412ee7f0997478fa12c85488967c7096f8bb8cba27943444309d847665c3,social/social-meme-pack.m3u8,social-meme-pack_002.ts,assets/videos/social/social-meme-pack_002.ts,https://media.jazimportfolio.com/assets/videos/social/social-meme-pack_002.ts
public/assets/videos/social/social-props-attitude.m3u8,social/social-props-attitude.m3u8,.m3u8,254,,,,assets/videos/social/social-props-attitude.m3u8,https://media.jazimportfolio.com/assets/videos/social/social-props-attitude.m3u8
public/assets/videos/social/social-props-attitude_000.ts,social/social-props-attitude_000.ts,.ts,239324,50f43346bbc14b75230c442d8c75b9b5be754b75370705b251c03606b0b23dd2,social/social-props-attitude.m3u8,social-props-attitude_000.ts,assets/videos/social/social-props-attitude_000.ts,https://media.jazimportfolio.com/assets/videos/social/social-props-attitude_000.ts
public/assets/videos/social/social-props-attitude_001.ts,social/social-props-attitude_001.ts,.ts,103776,498a9785c542a376f65f65a989162affccbc9ee314312a06d765b8913ae43c40,social/social-props-attitude.m3u8,social-props-attitude_001.ts,assets/videos/social/social-props-attitude_001.ts,https://media.jazimportfolio.com/assets/videos/social/social-props-attitude_001.ts
public/assets/videos/social/social-props-attitude_002.ts,social/social-props-attitude_002.ts,.ts,557232,7b9b4d367d95b7bbbe83f5cbe49b2a3b103fe61eeae843127bf46dd2a30e5036,social/social-props-attitude.m3u8,social-props-attitude_002.ts,assets/videos/social/social-props-attitude_002.ts,https://media.jazimportfolio.com/assets/videos/social/social-props-attitude_002.ts
public/assets/videos/social/social-wolf-in-office.m3u8,social/social-wolf-in-office.m3u8,.m3u8,207,,,,assets/videos/social/social-wolf-in-office.m3u8,https://media.jazimportfolio.com/assets/videos/social/social-wolf-in-office.m3u8
public/assets/videos/social/social-wolf-in-office_000.ts,social/social-wolf-in-office_000.ts,.ts,9671848,795d61a41fabf08d65a9a4765c18bfbd0a76185762f0d6f66b9b24d5d3bf678d,social/social-wolf-in-office.m3u8,social-wolf-in-office_000.ts,assets/videos/social/social-wolf-in-office_000.ts,https://media.jazimportfolio.com/assets/videos/social/social-wolf-in-office_000.ts
public/assets/videos/social/social-wolf-in-office_001.ts,social/social-wolf-in-office_001.ts,.ts,11133924,ef9a5cec8468dcfad431131d0fa45e9260892733feabb1a83b9f7cee1108825e,social/social-wolf-in-office.m3u8,social-wolf-in-office_001.ts,assets/videos/social/social-wolf-in-office_001.ts,https://media.jazimportfolio.com/assets/videos/social/social-wolf-in-office_001.ts
public/assets/videos/social/social-yanyi-star.m3u8,social/social-yanyi-star.m3u8,.m3u8,1532,,,,assets/videos/social/social-yanyi-star.m3u8,https://media.jazimportfolio.com/assets/videos/social/social-yanyi-star.m3u8
public/assets/videos/social/social-yanyi-star_000.ts,social/social-yanyi-star_000.ts,.ts,2048260,81b22082e892a40ebb9612a673a480743c595cda90358b9b8a655b0652b919b5,social/social-yanyi-star.m3u8,social-yanyi-star_000.ts,assets/videos/social/social-yanyi-star_000.ts,https://media.jazimportfolio.com/assets/videos/social/social-yanyi-star_000.ts
public/assets/videos/social/social-yanyi-star_001.ts,social/social-yanyi-star_001.ts,.ts,1273324,3afd7b843c7717f712a1cc0a286eec7bb8954de48efab3354989c78b2654b95c,social/social-yanyi-star.m3u8,social-yanyi-star_001.ts,assets/videos/social/social-yanyi-star_001.ts,https://media.jazimportfolio.com/assets/videos/social/social-yanyi-star_001.ts
public/assets/videos/social/social-yanyi-star_002.ts,social/social-yanyi-star_002.ts,.ts,1272384,ba048b0f036fc9b7eec0ae15112e6ee9234246d173dd17389b8729f79ca183b4,social/social-yanyi-star.m3u8,social-yanyi-star_002.ts,assets/videos/social/social-yanyi-star_002.ts,https://media.jazimportfolio.com/assets/videos/social/social-yanyi-star_002.ts
public/assets/videos/social/social-yanyi-star_003.ts,social/social-yanyi-star_003.ts,.ts,1268248,9d5eb095ca01ce5bf156c95874c75cc44a54a97cb910212740859404e3f94045,social/social-yanyi-star.m3u8,social-yanyi-star_003.ts,assets/videos/social/social-yanyi-star_003.ts,https://media.jazimportfolio.com/assets/videos/social/social-yanyi-star_003.ts
public/assets/videos/social/social-yanyi-star_004.ts,social/social-yanyi-star_004.ts,.ts,1582960,918571c5248201fae4239f4b43244c8c84295e9d18414fbd9b2a5853b9dcd9dd,social/social-yanyi-star.m3u8,social-yanyi-star_004.ts,assets/videos/social/social-yanyi-star_004.ts,https://media.jazimportfolio.com/assets/videos/social/social-yanyi-star_004.ts
public/assets/videos/social/social-yanyi-star_005.ts,social/social-yanyi-star_005.ts,.ts,1983400,ea5c45f4c8ea56ba02e04e9a580321a478e3f2dad0406d140bd5de202ec5c530,social/social-yanyi-star.m3u8,social-yanyi-star_005.ts,assets/videos/social/social-yanyi-star_005.ts,https://media.jazimportfolio.com/assets/videos/social/social-yanyi-star_005.ts
public/assets/videos/social/social-yanyi-star_006.ts,social/social-yanyi-star_006.ts,.ts,2178544,f8eae5fc1a7433b262c0592674c24eb0f11801652d28c575ee4db9d013571a33,social/social-yanyi-star.m3u8,social-yanyi-star_006.ts,assets/videos/social/social-yanyi-star_006.ts,https://media.jazimportfolio.com/assets/videos/social/social-yanyi-star_006.ts
public/assets/videos/social/social-yanyi-star_007.ts,social/social-yanyi-star_007.ts,.ts,1741820,63fccac55dc369f49351fe2559d0524ebf083797d7fdee6a113c3731b0a1e159,social/social-yanyi-star.m3u8,social-yanyi-star_007.ts,assets/videos/social/social-yanyi-star_007.ts,https://media.jazimportfolio.com/assets/videos/social/social-yanyi-star_007.ts
public/assets/videos/social/social-yanyi-star_008.ts,social/social-yanyi-star_008.ts,.ts,2044688,3e53740c5f1a5631042bc12327b48472d6dd0753410989a00a07c54a716a876e,social/social-yanyi-star.m3u8,social-yanyi-star_008.ts,assets/videos/social/social-yanyi-star_008.ts,https://media.jazimportfolio.com/assets/videos/social/social-yanyi-star_008.ts
public/assets/videos/social/social-yanyi-star_009.ts,social/social-yanyi-star_009.ts,.ts,1839204,08718356e8c84e7fa4d2cdb70363421bf03f6c3a5019825905225887546d6462,social/social-yanyi-star.m3u8,social-yanyi-star_009.ts,assets/videos/social/social-yanyi-star_009.ts,https://media.jazimportfolio.com/assets/videos/social/social-yanyi-star_009.ts
public/assets/videos/social/social-yanyi-star_010.ts,social/social-yanyi-star_010.ts,.ts,1380108,5b3b098688a8018a87187971d1dc46b5e9c721ace72d7d455010cbba109296e3,social/social-yanyi-star.m3u8,social-yanyi-star_010.ts,assets/videos/social/social-yanyi-star_010.ts,https://media.jazimportfolio.com/assets/videos/social/social-yanyi-star_010.ts
public/assets/videos/social/social-yanyi-star_011.ts,social/social-yanyi-star_011.ts,.ts,1328408,05ad67496bc3639648ce66e5656e48ccd493810db1d958e0c6d364bdaef745df,social/social-yanyi-star.m3u8,social-yanyi-star_011.ts,assets/videos/social/social-yanyi-star_011.ts,https://media.jazimportfolio.com/assets/videos/social/social-yanyi-star_011.ts
public/assets/videos/social/social-yanyi-star_012.ts,social/social-yanyi-star_012.ts,.ts,1341568,bd2a984c86cbd17f3a361143e65ed286f7f0c69eb0b9d1f811e3c5cce80b6550,social/social-yanyi-star.m3u8,social-yanyi-star_012.ts,assets/videos/social/social-yanyi-star_012.ts,https://media.jazimportfolio.com/assets/videos/social/social-yanyi-star_012.ts
public/assets/videos/social/social-yanyi-star_013.ts,social/social-yanyi-star_013.ts,.ts,849008,cd8b775a7124d0c48f701b40feceef6daa1b585c33caabe0b642ce8e937ddaa7,social/social-yanyi-star.m3u8,social-yanyi-star_013.ts,assets/videos/social/social-yanyi-star_013.ts,https://media.jazimportfolio.com/assets/videos/social/social-yanyi-star_013.ts
public/assets/videos/social/social-yanyi-star_014.ts,social/social-yanyi-star_014.ts,.ts,1310736,905047259640c8499e72feb95d15a0349223783eefe7040d42da8ae4bec07915,social/social-yanyi-star.m3u8,social-yanyi-star_014.ts,assets/videos/social/social-yanyi-star_014.ts,https://media.jazimportfolio.com/assets/videos/social/social-yanyi-star_014.ts
public/assets/videos/social/social-yanyi-star_015.ts,social/social-yanyi-star_015.ts,.ts,993392,b9cd0c2b9843b54ffeda60a127340e2a0de54ff2cbbc77f84375f925dd2f8509,social/social-yanyi-star.m3u8,social-yanyi-star_015.ts,assets/videos/social/social-yanyi-star_015.ts,https://media.jazimportfolio.com/assets/videos/social/social-yanyi-star_015.ts
public/assets/videos/social/social-yanyi-star_016.ts,social/social-yanyi-star_016.ts,.ts,1043400,7d4d0b6a794c1d1e855852e42d1a9e4d2d2bbf297a0f5900314041077d94856c,social/social-yanyi-star.m3u8,social-yanyi-star_016.ts,assets/videos/social/social-yanyi-star_016.ts,https://media.jazimportfolio.com/assets/videos/social/social-yanyi-star_016.ts
public/assets/videos/social/social-yanyi-star_017.ts,social/social-yanyi-star_017.ts,.ts,1994304,1738556f50dd0b0b5159dbafc7777fd5c6c5238c91acc960de2c6f0b2c1046f2,social/social-yanyi-star.m3u8,social-yanyi-star_017.ts,assets/videos/social/social-yanyi-star_017.ts,https://media.jazimportfolio.com/assets/videos/social/social-yanyi-star_017.ts
public/assets/videos/social/social-yanyi-star_018.ts,social/social-yanyi-star_018.ts,.ts,1677524,2621abaa7581f0e3aef71f6c216bb90f11b30784c19d496359301b0a278bdc7c,social/social-yanyi-star.m3u8,social-yanyi-star_018.ts,assets/videos/social/social-yanyi-star_018.ts,https://media.jazimportfolio.com/assets/videos/social/social-yanyi-star_018.ts
public/assets/videos/social/social-yanyi-star_019.ts,social/social-yanyi-star_019.ts,.ts,1028924,72e47bf70e7c4c5f592141bc961a605531d6844d8455b5ecf5c8f9f7c65a97bd,social/social-yanyi-star.m3u8,social-yanyi-star_019.ts,assets/videos/social/social-yanyi-star_019.ts,https://media.jazimportfolio.com/assets/videos/social/social-yanyi-star_019.ts
public/assets/videos/social/social-yanyi-star_020.ts,social/social-yanyi-star_020.ts,.ts,828140,ed6b8cf2ac1f2a8ebfde39a79df966f06c8e2444066fccccf1bdb8c5b1b9652a,social/social-yanyi-star.m3u8,social-yanyi-star_020.ts,assets/videos/social/social-yanyi-star_020.ts,https://media.jazimportfolio.com/assets/videos/social/social-yanyi-star_020.ts
public/assets/videos/social/social-yanyi-star_021.ts,social/social-yanyi-star_021.ts,.ts,889428,608066414b212cc50d1f76ea33c937e03f06ce0e7c7a0acc10b3745b1a549967,social/social-yanyi-star.m3u8,social-yanyi-star_021.ts,assets/videos/social/social-yanyi-star_021.ts,https://media.jazimportfolio.com/assets/videos/social/social-yanyi-star_021.ts
public/assets/videos/social/social-yanyi-star_022.ts,social/social-yanyi-star_022.ts,.ts,1024976,ed39e1bc973985cc07f7446216515226400dd2291da9e6f641a4230958c3cfce,social/social-yanyi-star.m3u8,social-yanyi-star_022.ts,assets/videos/social/social-yanyi-star_022.ts,https://media.jazimportfolio.com/assets/videos/social/social-yanyi-star_022.ts
public/assets/videos/social/social-yanyi-star_023.ts,social/social-yanyi-star_023.ts,.ts,1486140,0ff2fa2720ff0f245d678978a849a81559e80097a3a9fc4f5916127c96934cce,social/social-yanyi-star.m3u8,social-yanyi-star_023.ts,assets/videos/social/social-yanyi-star_023.ts,https://media.jazimportfolio.com/assets/videos/social/social-yanyi-star_023.ts
public/assets/videos/social/social-yanyi-star_024.ts,social/social-yanyi-star_024.ts,.ts,747488,ee7b28bb1d6fb0595cdbbbaa1e583da775009037d2577921fb78d1a09fb86e95,social/social-yanyi-star.m3u8,social-yanyi-star_024.ts,assets/videos/social/social-yanyi-star_024.ts,https://media.jazimportfolio.com/assets/videos/social/social-yanyi-star_024.ts
public/assets/videos/social/social-yanyi-star_025.ts,social/social-yanyi-star_025.ts,.ts,1344576,d12f5a92d767b6e09ce7ea0dd91812e46179fb4089ff7168a44f3d864f88c3c7,social/social-yanyi-star.m3u8,social-yanyi-star_025.ts,assets/videos/social/social-yanyi-star_025.ts,https://media.jazimportfolio.com/assets/videos/social/social-yanyi-star_025.ts
public/assets/videos/social/social-yanyi-star_026.ts,social/social-yanyi-star_026.ts,.ts,1635976,54b7ccbf01a5ec5d3f1f0c829b73f73eaacf9fe06ddab84e64030f2207926a64,social/social-yanyi-star.m3u8,social-yanyi-star_026.ts,assets/videos/social/social-yanyi-star_026.ts,https://media.jazimportfolio.com/assets/videos/social/social-yanyi-star_026.ts
public/assets/videos/social/social-yanyi-star_027.ts,social/social-yanyi-star_027.ts,.ts,1847288,f7e66d2251eb1f9452b98891aab09a179bd6a290e9924fa4792d3072546fbc3a,social/social-yanyi-star.m3u8,social-yanyi-star_027.ts,assets/videos/social/social-yanyi-star_027.ts,https://media.jazimportfolio.com/assets/videos/social/social-yanyi-star_027.ts
public/assets/videos/social/social-yanyi-star_028.ts,social/social-yanyi-star_028.ts,.ts,2155232,c612be202b02a77d4efd23ad8fdde1020a077f5ddf6926af096a8ea97d4467f6,social/social-yanyi-star.m3u8,social-yanyi-star_028.ts,assets/videos/social/social-yanyi-star_028.ts,https://media.jazimportfolio.com/assets/videos/social/social-yanyi-star_028.ts
public/assets/videos/social/social-yanyi-star_029.ts,social/social-yanyi-star_029.ts,.ts,1445908,1a4133113671dc37ac83987b97a3705224bbdfc8fe39f1964f3f85c7eab9df56,social/social-yanyi-star.m3u8,social-yanyi-star_029.ts,assets/videos/social/social-yanyi-star_029.ts,https://media.jazimportfolio.com/assets/videos/social/social-yanyi-star_029.ts
public/assets/videos/social/social-yanyi-star_030.ts,social/social-yanyi-star_030.ts,.ts,2832784,10f4fbf4afbff560c456f5754e9c97125283c367b14b8d60c96d26a11a9c330f,social/social-yanyi-star.m3u8,social-yanyi-star_030.ts,assets/videos/social/social-yanyi-star_030.ts,https://media.jazimportfolio.com/assets/videos/social/social-yanyi-star_030.ts
public/assets/videos/social/social-yanyi-star_031.ts,social/social-yanyi-star_031.ts,.ts,7801248,33cfb56534e01b36dbc929992b53d0faaff9ec51a90e6dad219fa8ed062d78b4,social/social-yanyi-star.m3u8,social-yanyi-star_031.ts,assets/videos/social/social-yanyi-star_031.ts,https://media.jazimportfolio.com/assets/videos/social/social-yanyi-star_031.ts
public/assets/videos/social/social-yanyi-star_032.ts,social/social-yanyi-star_032.ts,.ts,689584,96fd0a24d09dc3d5e7e3daf39f7795bceafde2d42ccabcd1a48136b63eebcd7f,social/social-yanyi-star.m3u8,social-yanyi-star_032.ts,assets/videos/social/social-yanyi-star_032.ts,https://media.jazimportfolio.com/assets/videos/social/social-yanyi-star_032.ts
public/assets/videos/social/social-zuican-guanfang-2.m3u8,social/social-zuican-guanfang-2.m3u8,.m3u8,613,,,,assets/videos/social/social-zuican-guanfang-2.m3u8,https://media.jazimportfolio.com/assets/videos/social/social-zuican-guanfang-2.m3u8
public/assets/videos/social/social-zuican-guanfang-2_000.ts,social/social-zuican-guanfang-2_000.ts,.ts,4363480,7e528fc61ad712e90bc7b40a66f4a16e208077c7f045c3a41402529fa6cca29a,social/social-zuican-guanfang-2.m3u8,social-zuican-guanfang-2_000.ts,assets/videos/social/social-zuican-guanfang-2_000.ts,https://media.jazimportfolio.com/assets/videos/social/social-zuican-guanfang-2_000.ts
public/assets/videos/social/social-zuican-guanfang-2_001.ts,social/social-zuican-guanfang-2_001.ts,.ts,2694980,8a90101e9fb1b84488fcdf2f852bf56c20855a04c247424f96a2a3e403f70392,social/social-zuican-guanfang-2.m3u8,social-zuican-guanfang-2_001.ts,assets/videos/social/social-zuican-guanfang-2_001.ts,https://media.jazimportfolio.com/assets/videos/social/social-zuican-guanfang-2_001.ts
public/assets/videos/social/social-zuican-guanfang-2_002.ts,social/social-zuican-guanfang-2_002.ts,.ts,4094264,3eab908ec3cc00b7ef6df66bdb308b660f9a8a893c738871ecc1eb9ad888c52e,social/social-zuican-guanfang-2.m3u8,social-zuican-guanfang-2_002.ts,assets/videos/social/social-zuican-guanfang-2_002.ts,https://media.jazimportfolio.com/assets/videos/social/social-zuican-guanfang-2_002.ts
public/assets/videos/social/social-zuican-guanfang-2_003.ts,social/social-zuican-guanfang-2_003.ts,.ts,3200324,21a7cba0041655154421fac492bd894d80836add449ac29d0da2247af017deb7,social/social-zuican-guanfang-2.m3u8,social-zuican-guanfang-2_003.ts,assets/videos/social/social-zuican-guanfang-2_003.ts,https://media.jazimportfolio.com/assets/videos/social/social-zuican-guanfang-2_003.ts
public/assets/videos/social/social-zuican-guanfang-2_004.ts,social/social-zuican-guanfang-2_004.ts,.ts,4883300,e54fe98c1da2df81ae039614addffb1d0d0fbc3bbf18c2f565083aa59247af7f,social/social-zuican-guanfang-2.m3u8,social-zuican-guanfang-2_004.ts,assets/videos/social/social-zuican-guanfang-2_004.ts,https://media.jazimportfolio.com/assets/videos/social/social-zuican-guanfang-2_004.ts
public/assets/videos/social/social-zuican-guanfang-2_005.ts,social/social-zuican-guanfang-2_005.ts,.ts,2165196,3c5f381be17e2796d1d4c61d2aab2fab6585c7695f67e02b390a6e3617fefb7b,social/social-zuican-guanfang-2.m3u8,social-zuican-guanfang-2_005.ts,assets/videos/social/social-zuican-guanfang-2_005.ts,https://media.jazimportfolio.com/assets/videos/social/social-zuican-guanfang-2_005.ts
public/assets/videos/social/social-zuican-guanfang-2_006.ts,social/social-zuican-guanfang-2_006.ts,.ts,321856,0f6ffbf52a344dde8f5a11f14c5848d73b1abc1fbfeeb9cf0b8cbc4a25b1249c,social/social-zuican-guanfang-2.m3u8,social-zuican-guanfang-2_006.ts,assets/videos/social/social-zuican-guanfang-2_006.ts,https://media.jazimportfolio.com/assets/videos/social/social-zuican-guanfang-2_006.ts
public/assets/videos/social/social-zuican-guanfang-2_007.ts,social/social-zuican-guanfang-2_007.ts,.ts,2011788,2bcf35d6264f1fdd895dce58564bf077d82252b93261029f0dac0b6403b26683,social/social-zuican-guanfang-2.m3u8,social-zuican-guanfang-2_007.ts,assets/videos/social/social-zuican-guanfang-2_007.ts,https://media.jazimportfolio.com/assets/videos/social/social-zuican-guanfang-2_007.ts
public/assets/videos/social/social-zuican-guanfang-2_008.ts,social/social-zuican-guanfang-2_008.ts,.ts,2513560,2b7248af22422330ac1d525f69e61893e39f56e15d5f63a62da3ec76828a2cb7,social/social-zuican-guanfang-2.m3u8,social-zuican-guanfang-2_008.ts,assets/videos/social/social-zuican-guanfang-2_008.ts,https://media.jazimportfolio.com/assets/videos/social/social-zuican-guanfang-2_008.ts
public/assets/videos/social/social-zuican-guanfang-2_009.ts,social/social-zuican-guanfang-2_009.ts,.ts,98700,577c936749d3a28c26d66a0b24139bed76386d7fdbc39d17a42d764c2ce14242,social/social-zuican-guanfang-2.m3u8,social-zuican-guanfang-2_009.ts,assets/videos/social/social-zuican-guanfang-2_009.ts,https://media.jazimportfolio.com/assets/videos/social/social-zuican-guanfang-2_009.ts
public/assets/videos/social/social-zuican-guanfang.m3u8,social/social-zuican-guanfang.m3u8,.m3u8,449,,,,assets/videos/social/social-zuican-guanfang.m3u8,https://media.jazimportfolio.com/assets/videos/social/social-zuican-guanfang.m3u8
public/assets/videos/social/social-zuican-guanfang_000.ts,social/social-zuican-guanfang_000.ts,.ts,5069044,87c24183caf48d1e210557e407fa8d384345c55ea2d8319c143b7756f30fdbaf,social/social-zuican-guanfang.m3u8,social-zuican-guanfang_000.ts,assets/videos/social/social-zuican-guanfang_000.ts,https://media.jazimportfolio.com/assets/videos/social/social-zuican-guanfang_000.ts
public/assets/videos/social/social-zuican-guanfang_001.ts,social/social-zuican-guanfang_001.ts,.ts,4722560,98beb95a3ac204894a94f6512e4f9b5c0b15c41b5f57a34c37838cb76ee2f005,social/social-zuican-guanfang.m3u8,social-zuican-guanfang_001.ts,assets/videos/social/social-zuican-guanfang_001.ts,https://media.jazimportfolio.com/assets/videos/social/social-zuican-guanfang_001.ts
public/assets/videos/social/social-zuican-guanfang_002.ts,social/social-zuican-guanfang_002.ts,.ts,6006600,b1e3ef62a0765a81d6844a2256576ae201e983a0753ec721d969d988edd7122f,social/social-zuican-guanfang.m3u8,social-zuican-guanfang_002.ts,assets/videos/social/social-zuican-guanfang_002.ts,https://media.jazimportfolio.com/assets/videos/social/social-zuican-guanfang_002.ts
public/assets/videos/social/social-zuican-guanfang_003.ts,social/social-zuican-guanfang_003.ts,.ts,4339980,61be7203ce818e171ddd41bdea6f0ce0fac1760ed922b00004cb8e8d3b0e5a58,social/social-zuican-guanfang.m3u8,social-zuican-guanfang_003.ts,assets/videos/social/social-zuican-guanfang_003.ts,https://media.jazimportfolio.com/assets/videos/social/social-zuican-guanfang_003.ts
public/assets/videos/social/social-zuican-guanfang_004.ts,social/social-zuican-guanfang_004.ts,.ts,6824024,f167314ac0999028910b156bbdeb3958a60f5c843bc721852daee2e480c73767,social/social-zuican-guanfang.m3u8,social-zuican-guanfang_004.ts,assets/videos/social/social-zuican-guanfang_004.ts,https://media.jazimportfolio.com/assets/videos/social/social-zuican-guanfang_004.ts
public/assets/videos/social/social-zuican-guanfang_005.ts,social/social-zuican-guanfang_005.ts,.ts,5164924,d54183748816a8f7231f8a282b39d6ee36fa09146b8e33a999bd59c377b964d5,social/social-zuican-guanfang.m3u8,social-zuican-guanfang_005.ts,assets/videos/social/social-zuican-guanfang_005.ts,https://media.jazimportfolio.com/assets/videos/social/social-zuican-guanfang_005.ts
public/assets/videos/social/social-zuican-guanfang_006.ts,social/social-zuican-guanfang_006.ts,.ts,58092,4ae91d835cf84199e0f7a7b071140097266fc612288cd7d26eeae348a82f5f70,social/social-zuican-guanfang.m3u8,social-zuican-guanfang_006.ts,assets/videos/social/social-zuican-guanfang_006.ts,https://media.jazimportfolio.com/assets/videos/social/social-zuican-guanfang_006.ts
public/assets/videos/tianyu/tianyu-liujin-zhiyi.m3u8,tianyu/tianyu-liujin-zhiyi.m3u8,.m3u8,158,,,,assets/videos/tianyu/tianyu-liujin-zhiyi.m3u8,https://media.jazimportfolio.com/assets/videos/tianyu/tianyu-liujin-zhiyi.m3u8
public/assets/videos/tianyu/tianyu-liujin-zhiyi_000.ts,tianyu/tianyu-liujin-zhiyi_000.ts,.ts,3816776,81c8bf004933fcc98e4169b3989cadf5f08d6854780df8ad6c9d96d214754601,tianyu/tianyu-liujin-zhiyi.m3u8,tianyu-liujin-zhiyi_000.ts,assets/videos/tianyu/tianyu-liujin-zhiyi_000.ts,https://media.jazimportfolio.com/assets/videos/tianyu/tianyu-liujin-zhiyi_000.ts
public/assets/videos/wow/wow-21st-aggregation.m3u8,wow/wow-21st-aggregation.m3u8,.m3u8,205,,,,assets/videos/wow/wow-21st-aggregation.m3u8,https://media.jazimportfolio.com/assets/videos/wow/wow-21st-aggregation.m3u8
public/assets/videos/wow/wow-21st-aggregation_000.ts,wow/wow-21st-aggregation_000.ts,.ts,5101004,776aae5dd78de5dec2ec7c71c96d5023b75f6e88b4581df7e15cfd35ba338143,wow/wow-21st-aggregation.m3u8,wow-21st-aggregation_000.ts,assets/videos/wow/wow-21st-aggregation_000.ts,https://media.jazimportfolio.com/assets/videos/wow/wow-21st-aggregation_000.ts
public/assets/videos/wow/wow-21st-aggregation_001.ts,wow/wow-21st-aggregation_001.ts,.ts,1640864,c52d74ff0b383c6c5bc8f2f75fc83c53d699ec82a541d5cd6394c85653cad882,wow/wow-21st-aggregation.m3u8,wow-21st-aggregation_001.ts,assets/videos/wow/wow-21st-aggregation_001.ts,https://media.jazimportfolio.com/assets/videos/wow/wow-21st-aggregation_001.ts
public/assets/videos/wow/wow-21st-popup.m3u8,wow/wow-21st-popup.m3u8,.m3u8,153,,,,assets/videos/wow/wow-21st-popup.m3u8,https://media.jazimportfolio.com/assets/videos/wow/wow-21st-popup.m3u8
public/assets/videos/wow/wow-21st-popup_000.ts,wow/wow-21st-popup_000.ts,.ts,715528,3f381bfb73492885def0a8d4a6beb99210daefcb7b6c654da690d5c481b6658d,wow/wow-21st-popup.m3u8,wow-21st-popup_000.ts,assets/videos/wow/wow-21st-popup_000.ts,https://media.jazimportfolio.com/assets/videos/wow/wow-21st-popup_000.ts
public/assets/videos/wow/wow-midsummer-product.m3u8,wow/wow-midsummer-product.m3u8,.m3u8,348,,,,assets/videos/wow/wow-midsummer-product.m3u8,https://media.jazimportfolio.com/assets/videos/wow/wow-midsummer-product.m3u8
public/assets/videos/wow/wow-midsummer-product_000.ts,wow/wow-midsummer-product_000.ts,.ts,10066648,3c0b93c5b9b1338948f82689b5632f290896d3f6c6405928908bc8a86965ca69,wow/wow-midsummer-product.m3u8,wow-midsummer-product_000.ts,assets/videos/wow/wow-midsummer-product_000.ts,https://media.jazimportfolio.com/assets/videos/wow/wow-midsummer-product_000.ts
public/assets/videos/wow/wow-midsummer-product_001.ts,wow/wow-midsummer-product_001.ts,.ts,5231852,2505ca60ec233b0c5a80a501c9fe3c7ff64f244e92fdb2c432628b4e92d696e1,wow/wow-midsummer-product.m3u8,wow-midsummer-product_001.ts,assets/videos/wow/wow-midsummer-product_001.ts,https://media.jazimportfolio.com/assets/videos/wow/wow-midsummer-product_001.ts
public/assets/videos/wow/wow-midsummer-product_002.ts,wow/wow-midsummer-product_002.ts,.ts,7831140,613b589942fc3a1f1ade07fdd14bd945a1e3b56da3d9b4ae90709c8a7a174af0,wow/wow-midsummer-product.m3u8,wow-midsummer-product_002.ts,assets/videos/wow/wow-midsummer-product_002.ts,https://media.jazimportfolio.com/assets/videos/wow/wow-midsummer-product_002.ts
public/assets/videos/wow/wow-midsummer-product_003.ts,wow/wow-midsummer-product_003.ts,.ts,4643412,9617ac692a60804658804e069648fb90dc053ee856f268fea87810a1d8e239db,wow/wow-midsummer-product.m3u8,wow-midsummer-product_003.ts,assets/videos/wow/wow-midsummer-product_003.ts,https://media.jazimportfolio.com/assets/videos/wow/wow-midsummer-product_003.ts
public/assets/videos/wow/wow-midsummer-product_004.ts,wow/wow-midsummer-product_004.ts,.ts,13147404,37bf2d9c01059880d9df7f2ee71602d81b469bd0a8b725d9cd2b8e09b113ac8d,wow/wow-midsummer-product.m3u8,wow-midsummer-product_004.ts,assets/videos/wow/wow-midsummer-product_004.ts,https://media.jazimportfolio.com/assets/videos/wow/wow-midsummer-product_004.ts
public/assets/videos/wow/wow-midsummer-product_005.ts,wow/wow-midsummer-product_005.ts,.ts,9233432,b05b4b6aad320ce81cc2b9d9a62903a1ef672c73b8cf42fd5d33a72bf0a561bf,,,assets/videos/wow/wow-midsummer-product_005.ts,https://media.jazimportfolio.com/assets/videos/wow/wow-midsummer-product_005.ts
public/assets/videos/wow/wow-midsummer-product_006.ts,wow/wow-midsummer-product_006.ts,.ts,62980,cf679d996c44a93fc62ea7a3c1171310b5b776d3bea475705288902c8f8d8539,,,assets/videos/wow/wow-midsummer-product_006.ts,https://media.jazimportfolio.com/assets/videos/wow/wow-midsummer-product_006.ts
public/assets/videos/wow/wow-midsummer-slogan.m3u8,wow/wow-midsummer-slogan.m3u8,.m3u8,251,,,,assets/videos/wow/wow-midsummer-slogan.m3u8,https://media.jazimportfolio.com/assets/videos/wow/wow-midsummer-slogan.m3u8
public/assets/videos/wow/wow-midsummer-slogan_000.ts,wow/wow-midsummer-slogan_000.ts,.ts,1288176,d6f58ad22dc75d06ce66234bc366c48ac9ed76ccb10ce17a5a63b5839a03770f,wow/wow-midsummer-slogan.m3u8,wow-midsummer-slogan_000.ts,assets/videos/wow/wow-midsummer-slogan_000.ts,https://media.jazimportfolio.com/assets/videos/wow/wow-midsummer-slogan_000.ts
public/assets/videos/wow/wow-midsummer-slogan_001.ts,wow/wow-midsummer-slogan_001.ts,.ts,1267496,7c4ee398bbebefcb7dc44d10a9c0071bff0be4959189ce0f516fd347f6339721,wow/wow-midsummer-slogan.m3u8,wow-midsummer-slogan_001.ts,assets/videos/wow/wow-midsummer-slogan_001.ts,https://media.jazimportfolio.com/assets/videos/wow/wow-midsummer-slogan_001.ts
public/assets/videos/wow/wow-midsummer-slogan_002.ts,wow/wow-midsummer-slogan_002.ts,.ts,1375032,d3a9bd97ab604668443ba59407416bc01c92b2ede2e5eae2744ae7e93f5b2058,wow/wow-midsummer-slogan.m3u8,wow-midsummer-slogan_002.ts,assets/videos/wow/wow-midsummer-slogan_002.ts,https://media.jazimportfolio.com/assets/videos/wow/wow-midsummer-slogan_002.ts
public/assets/videos/wow/wow-redpacket-draw.m3u8,wow/wow-redpacket-draw.m3u8,.m3u8,157,,,,assets/videos/wow/wow-redpacket-draw.m3u8,https://media.jazimportfolio.com/assets/videos/wow/wow-redpacket-draw.m3u8
public/assets/videos/wow/wow-redpacket-draw_000.ts,wow/wow-redpacket-draw_000.ts,.ts,2706636,8f8e3c9612c07ca5fa0d47ea9d048b16c98303356720253c3279aec309f4d72a,wow/wow-redpacket-draw.m3u8,wow-redpacket-draw_000.ts,assets/videos/wow/wow-redpacket-draw_000.ts,https://media.jazimportfolio.com/assets/videos/wow/wow-redpacket-draw_000.ts
public/assets/videos/wow/wow-redpacket-loop.m3u8,wow/wow-redpacket-loop.m3u8,.m3u8,289,,,,assets/videos/wow/wow-redpacket-loop.m3u8,https://media.jazimportfolio.com/assets/videos/wow/wow-redpacket-loop.m3u8
public/assets/videos/wow/wow-redpacket-loop_000.ts,wow/wow-redpacket-loop_000.ts,.ts,1899928,54bdec1460a64f188b6f79b0f09fe3276a659726c3539e236509eda565ad605b,wow/wow-redpacket-loop.m3u8,wow-redpacket-loop_000.ts,assets/videos/wow/wow-redpacket-loop_000.ts,https://media.jazimportfolio.com/assets/videos/wow/wow-redpacket-loop_000.ts
public/assets/videos/wow/wow-redpacket-loop_001.ts,wow/wow-redpacket-loop_001.ts,.ts,1688992,1716cf52c35eacac1d1926189e552ab8982a39d201bf198ca84c7622e7ab5392,wow/wow-redpacket-loop.m3u8,wow-redpacket-loop_001.ts,assets/videos/wow/wow-redpacket-loop_001.ts,https://media.jazimportfolio.com/assets/videos/wow/wow-redpacket-loop_001.ts
public/assets/videos/wow/wow-redpacket-loop_002.ts,wow/wow-redpacket-loop_002.ts,.ts,1682224,66cd633e8fd0c11d44868267407ef659c3da7572d9769fbad8f949ad3e05cf7d,wow/wow-redpacket-loop.m3u8,wow-redpacket-loop_002.ts,assets/videos/wow/wow-redpacket-loop_002.ts,https://media.jazimportfolio.com/assets/videos/wow/wow-redpacket-loop_002.ts
public/assets/videos/wow/wow-redpacket-loop_003.ts,wow/wow-redpacket-loop_003.ts,.ts,223156,3e9f082252831c3e63defaaaf368186e10db13ca7e7b49bfba6f2791bf66dbfe,wow/wow-redpacket-loop.m3u8,wow-redpacket-loop_003.ts,assets/videos/wow/wow-redpacket-loop_003.ts,https://media.jazimportfolio.com/assets/videos/wow/wow-redpacket-loop_003.ts
public/assets/videos/wow/wow-walrus-lottery.m3u8,wow/wow-walrus-lottery.m3u8,.m3u8,203,,,,assets/videos/wow/wow-walrus-lottery.m3u8,https://media.jazimportfolio.com/assets/videos/wow/wow-walrus-lottery.m3u8
public/assets/videos/wow/wow-walrus-lottery_000.ts,wow/wow-walrus-lottery_000.ts,.ts,6896592,7d986b4ce5d4bd6e9843d370de14e3a24ef9f3a877a5a1b554c73974cc09fe84,wow/wow-walrus-lottery.m3u8,wow-walrus-lottery_000.ts,assets/videos/wow/wow-walrus-lottery_000.ts,https://media.jazimportfolio.com/assets/videos/wow/wow-walrus-lottery_000.ts
public/assets/videos/wow/wow-walrus-lottery_001.ts,wow/wow-walrus-lottery_001.ts,.ts,1256216,ab3601cc22bc1f2d32000756f7324f8064d7c508b78a1593417197b885e7994b,wow/wow-walrus-lottery.m3u8,wow-walrus-lottery_001.ts,assets/videos/wow/wow-walrus-lottery_001.ts,https://media.jazimportfolio.com/assets/videos/wow/wow-walrus-lottery_001.ts
public/assets/videos/wow/wow-walrus-lottery_002.ts,wow/wow-walrus-lottery_002.ts,.ts,3841216,0dcc1307e58fc097f11f7b4fc467b75a0a2f019bb2c97d21ab655e404bda85ce,,,assets/videos/wow/wow-walrus-lottery_002.ts,https://media.jazimportfolio.com/assets/videos/wow/wow-walrus-lottery_002.ts